commons-validator.src.main.org.apache.commons.validator.Var_python_partial.json, Var, 191-209:toString, success, 18
commons-validator.src.main.org.apache.commons.validator.Var_python_partial.json, Var, 176-183:clone, success, 5
commons-validator.src.main.org.apache.commons.validator.Var_python_partial.json, Var, 166-168:setJsType, success, 2
commons-validator.src.main.org.apache.commons.validator.Var_python_partial.json, Var, 157-159:getJsType, success, 2
commons-validator.src.main.org.apache.commons.validator.Var_python_partial.json, Var, 148-150:setBundle, success, 2
commons-validator.src.main.org.apache.commons.validator.Var_python_partial.json, Var, 138-140:getBundle, success, 2
commons-validator.src.main.org.apache.commons.validator.Var_python_partial.json, Var, 128-130:setResource, success, 2
commons-validator.src.main.org.apache.commons.validator.Var_python_partial.json, Var, 118-120:isResource, success, 2
commons-validator.src.main.org.apache.commons.validator.Var_python_partial.json, Var, 108-110:setValue, success, 2
commons-validator.src.main.org.apache.commons.validator.Var_python_partial.json, Var, 99-101:getValue, success, 2
commons-validator.src.main.org.apache.commons.validator.Var_python_partial.json, Var, 90-92:setName, success, 2
commons-validator.src.main.org.apache.commons.validator.Var_python_partial.json, Var, 81-83:getName, success, 2
commons-validator.src.main.org.apache.commons.validator.Var_python_partial.json, Var, 67-74:Var, success, 5
commons-validator.src.main.org.apache.commons.validator.Msg_python_partial.json, Msg, 150-164:toString, success, 15
commons-validator.src.main.org.apache.commons.validator.Msg_python_partial.json, Msg, 135-142:clone, success, 7
commons-validator.src.main.org.apache.commons.validator.Msg_python_partial.json, Msg, 125-127:setResource, success, 2
commons-validator.src.main.org.apache.commons.validator.Msg_python_partial.json, Msg, 115-117:isResource, success, 2
commons-validator.src.main.org.apache.commons.validator.Msg_python_partial.json, Msg, 105-107:setKey, success, 2
commons-validator.src.main.org.apache.commons.validator.Msg_python_partial.json, Msg, 96-98:getKey, success, 2
commons-validator.src.main.org.apache.commons.validator.Msg_python_partial.json, Msg, 87-89:setName, success, 2
commons-validator.src.main.org.apache.commons.validator.Msg_python_partial.json, Msg, 78-80:getName, success, 2
commons-validator.src.main.org.apache.commons.validator.Msg_python_partial.json, Msg, 69-71:setBundle, success, 2
commons-validator.src.main.org.apache.commons.validator.Msg_python_partial.json, Msg, 59-61:getBundle, success, 2
commons-validator.src.main.org.apache.commons.validator.Arg_python_partial.json, Arg, 177-193:toString, success, 17
commons-validator.src.main.org.apache.commons.validator.Arg_python_partial.json, Arg, 70-77:clone, success, 7
commons-validator.src.main.org.apache.commons.validator.Arg_python_partial.json, Arg, 167-169:setResource, success, 2
commons-validator.src.main.org.apache.commons.validator.Arg_python_partial.json, Arg, 158-160:setPosition, success, 2
commons-validator.src.main.org.apache.commons.validator.Arg_python_partial.json, Arg, 149-151:setName, success, 2
commons-validator.src.main.org.apache.commons.validator.Arg_python_partial.json, Arg, 140-142:setKey, success, 2
commons-validator.src.main.org.apache.commons.validator.Arg_python_partial.json, Arg, 131-133:setBundle, success, 2
commons-validator.src.main.org.apache.commons.validator.Arg_python_partial.json, Arg, 121-123:isResource, success, 2
commons-validator.src.main.org.apache.commons.validator.Arg_python_partial.json, Arg, 112-114:getPosition, success, 2
commons-validator.src.main.org.apache.commons.validator.Arg_python_partial.json, Arg, 103-105:getName, success, 2
commons-validator.src.main.org.apache.commons.validator.Arg_python_partial.json, Arg, 94-96:getKey, success, 2
commons-validator.src.main.org.apache.commons.validator.Arg_python_partial.json, Arg, 85-87:getBundle, success, 2
commons-validator.src.main.org.apache.commons.validator.util.ValidatorUtils_python_partial.json, ValidatorUtils, 109-129:copyMap, success, 16
commons-validator.src.main.org.apache.commons.validator.util.ValidatorUtils_python_partial.json, ValidatorUtils, 49-79:replace, success, 25
commons-validator.src.main.org.apache.commons.validator.ValidatorException_python_partial.json, ValidatorException, 34-36:ValidatorException1, success, 3
commons-validator.src.main.org.apache.commons.validator.ValidatorException_python_partial.json, ValidatorException, 30-32:ValidatorException, success, 2
commons-validator.src.main.org.apache.commons.validator.Field_python_partial.json, Field, 535-537:getDependencyList, success, 2
commons-validator.src.main.org.apache.commons.validator.Field_python_partial.json, Field, 525-527:isDependency, success, 2
commons-validator.src.main.org.apache.commons.validator.Field_python_partial.json, Field, 482-488:generateKey, success, 5
commons-validator.src.main.org.apache.commons.validator.Field_python_partial.json, Field, 477-479:isIndexed, success, 2
commons-validator.src.main.org.apache.commons.validator.Field_python_partial.json, Field, 467-469:setKey, success, 2
commons-validator.src.main.org.apache.commons.validator.Field_python_partial.json, Field, 453-459:getKey, success, 4
commons-validator.src.main.org.apache.commons.validator.Field_python_partial.json, Field, 404-412:getArgs, success, 8
commons-validator.src.main.org.apache.commons.validator.Field_python_partial.json, Field, 383-395:getArg1, failure, 11
commons-validator.src.main.org.apache.commons.validator.Field_python_partial.json, Field, 369-371:getArg0, failure, 3
commons-validator.src.main.org.apache.commons.validator.Field_python_partial.json, Field, 294-313:addArg, failure, 17
commons-validator.src.main.org.apache.commons.validator.Field_python_partial.json, Field, 284-286:setClientValidation, success, 2
commons-validator.src.main.org.apache.commons.validator.Field_python_partial.json, Field, 272-274:isClientValidation, success, 2
commons-validator.src.main.org.apache.commons.validator.Field_python_partial.json, Field, 221-234:setDepends, success, 12
commons-validator.src.main.org.apache.commons.validator.Field_python_partial.json, Field, 212-214:getDepends, success, 2
commons-validator.src.main.org.apache.commons.validator.Field_python_partial.json, Field, 203-205:setIndexedListProperty, success, 2
commons-validator.src.main.org.apache.commons.validator.Field_python_partial.json, Field, 194-196:getIndexedListProperty, success, 2
commons-validator.src.main.org.apache.commons.validator.Field_python_partial.json, Field, 183-185:setIndexedProperty, success, 2
commons-validator.src.main.org.apache.commons.validator.Field_python_partial.json, Field, 174-176:getIndexedProperty, success, 2
commons-validator.src.main.org.apache.commons.validator.Field_python_partial.json, Field, 164-166:setProperty, success, 2
commons-validator.src.main.org.apache.commons.validator.Field_python_partial.json, Field, 155-157:getProperty, success, 2
commons-validator.src.main.org.apache.commons.validator.Field_python_partial.json, Field, 146-148:setFieldOrder, success, 2
commons-validator.src.main.org.apache.commons.validator.Field_python_partial.json, Field, 137-139:getFieldOrder, success, 2
commons-validator.src.main.org.apache.commons.validator.Field_python_partial.json, Field, 128-130:setPage, success, 2
commons-validator.src.main.org.apache.commons.validator.Field_python_partial.json, Field, 119-121:getPage, success, 2
commons-validator.src.main.org.apache.commons.validator.Field_python_partial.json, Field, 603-606:handleMissingAction, success, 3
commons-validator.src.main.org.apache.commons.validator.Field_python_partial.json, Field, 500-517:processArg, success, 9
commons-validator.src.main.org.apache.commons.validator.Field_python_partial.json, Field, 353-360:ensureArgsCapacity, failure, 3
commons-validator.src.main.org.apache.commons.validator.Field_python_partial.json, Field, 316-346:determineArgPosition, failure, 24
commons-validator.src.main.org.apache.commons.validator.Form_python_partial.json, Form, 139-153:toString, success, 14
commons-validator.src.main.org.apache.commons.validator.Form_python_partial.json, Form, 215-217:isExtending, success, 2
commons-validator.src.main.org.apache.commons.validator.Form_python_partial.json, Form, 205-207:setExtends, success, 2
commons-validator.src.main.org.apache.commons.validator.Form_python_partial.json, Form, 195-197:getExtends, success, 2
commons-validator.src.main.org.apache.commons.validator.Form_python_partial.json, Form, 185-187:isProcessed, success, 2
commons-validator.src.main.org.apache.commons.validator.Form_python_partial.json, Form, 96-98:getFields, success, 2
commons-validator.src.main.org.apache.commons.validator.Form_python_partial.json, Form, 81-83:setName, success, 2
commons-validator.src.main.org.apache.commons.validator.Form_python_partial.json, Form, 72-74:getName, success, 2
commons-validator.src.main.org.apache.commons.validator.routines.checkdigit.CheckDigitException_python_partial.json, CheckDigitException, 38-40:CheckDigitException2, success, 3
commons-validator.src.main.org.apache.commons.validator.routines.checkdigit.CheckDigitException_python_partial.json, CheckDigitException, 34-36:CheckDigitException1, success, 3
commons-validator.src.main.org.apache.commons.validator.routines.checkdigit.CheckDigitException_python_partial.json, CheckDigitException, 30-32:CheckDigitException, failure, 2
commons-validator.src.main.org.apache.commons.validator.routines.checkdigit.CheckDigit_python_partial.json, CheckDigit, 63-63:isValid, success, 8
commons-validator.src.main.org.apache.commons.validator.routines.checkdigit.CheckDigit_python_partial.json, CheckDigit, 55-55:calculate, success, 7
commons-validator.src.main.org.apache.commons.validator.routines.AbstractFormatValidator_python_partial.json, AbstractFormatValidator, 167-184:parse, failure, 14
commons-validator.src.main.org.apache.commons.validator.routines.AbstractFormatValidator_python_partial.json, AbstractFormatValidator, 156-158:format4, success, 2
commons-validator.src.main.org.apache.commons.validator.routines.AbstractFormatValidator_python_partial.json, AbstractFormatValidator, 144-147:format3, success, 3
commons-validator.src.main.org.apache.commons.validator.routines.AbstractFormatValidator_python_partial.json, AbstractFormatValidator, 132-134:format2, success, 2
commons-validator.src.main.org.apache.commons.validator.routines.AbstractFormatValidator_python_partial.json, AbstractFormatValidator, 121-123:format1, success, 2
commons-validator.src.main.org.apache.commons.validator.routines.AbstractFormatValidator_python_partial.json, AbstractFormatValidator, 110-112:format0, success, 2
commons-validator.src.main.org.apache.commons.validator.routines.AbstractFormatValidator_python_partial.json, AbstractFormatValidator, 90-92:isValid2, failure, 7
commons-validator.src.main.org.apache.commons.validator.routines.AbstractFormatValidator_python_partial.json, AbstractFormatValidator, 79-81:isValid1, failure, 7
commons-validator.src.main.org.apache.commons.validator.routines.AbstractFormatValidator_python_partial.json, AbstractFormatValidator, 68-70:isValid0, failure, 7
commons-validator.src.main.org.apache.commons.validator.routines.AbstractFormatValidator_python_partial.json, AbstractFormatValidator, 58-60:isStrict, success, 2
commons-validator.src.main.org.apache.commons.validator.routines.AbstractFormatValidator_python_partial.json, AbstractFormatValidator, 43-45:AbstractFormatValidator, failure, 2
commons-validator.src.main.org.apache.commons.validator.routines.AbstractFormatValidator_python_partial.json, AbstractFormatValidator, 204-204:getFormat, success, 2
commons-validator.src.main.org.apache.commons.validator.routines.AbstractFormatValidator_python_partial.json, AbstractFormatValidator, 194-194:processParsedValue, success, 2
commons-validator.src.main.org.apache.commons.validator.routines.AbstractFormatValidator_python_partial.json, AbstractFormatValidator, 102-102:isValid3, success, 7
commons-validator.src.main.org.apache.commons.validator.FormSet_python_partial.json, FormSet, 308-326:toString, success, 18
commons-validator.src.main.org.apache.commons.validator.FormSet_python_partial.json, FormSet, 275-300:displayKey, success, 18
commons-validator.src.main.org.apache.commons.validator.FormSet_python_partial.json, FormSet, 260-262:getForms, success, 2
commons-validator.src.main.org.apache.commons.validator.FormSet_python_partial.json, FormSet, 250-252:getForm, success, 2
commons-validator.src.main.org.apache.commons.validator.FormSet_python_partial.json, FormSet, 228-242:addForm, success, 13
commons-validator.src.main.org.apache.commons.validator.FormSet_python_partial.json, FormSet, 208-221:addConstant, success, 12
commons-validator.src.main.org.apache.commons.validator.FormSet_python_partial.json, FormSet, 198-200:setVariant, success, 2
commons-validator.src.main.org.apache.commons.validator.FormSet_python_partial.json, FormSet, 189-191:getVariant, success, 2
commons-validator.src.main.org.apache.commons.validator.FormSet_python_partial.json, FormSet, 180-182:setCountry, success, 2
commons-validator.src.main.org.apache.commons.validator.FormSet_python_partial.json, FormSet, 171-173:getCountry, success, 2
commons-validator.src.main.org.apache.commons.validator.FormSet_python_partial.json, FormSet, 162-164:setLanguage, success, 2
commons-validator.src.main.org.apache.commons.validator.FormSet_python_partial.json, FormSet, 153-155:getLanguage, success, 2
commons-validator.src.main.org.apache.commons.validator.FormSet_python_partial.json, FormSet, 144-146:isProcessed, success, 2
commons-validator.src.main.org.apache.commons.validator.FormSet_python_partial.json, FormSet, 109-127:getType, success, 15
commons-validator.src.main.org.apache.commons.validator.FormSet_python_partial.json, FormSet, 96-98:isMerged, success, 2
commons-validator.src.main.org.apache.commons.validator.FormSet_python_partial.json, FormSet, 336-341:getLog, success, 2
commons-validator.src.main.org.apache.commons.validator.routines.checkdigit.ModulusCheckDigit_python_partial.json, ModulusCheckDigit, 87-94:calculate, error, 6
commons-validator.src.main.org.apache.commons.validator.routines.checkdigit.ModulusCheckDigit_python_partial.json, ModulusCheckDigit, 66-76:isValid, failure, 8
commons-validator.src.main.org.apache.commons.validator.routines.checkdigit.ModulusCheckDigit_python_partial.json, ModulusCheckDigit, 181-189:sumDigits, success, 11
commons-validator.src.main.org.apache.commons.validator.routines.checkdigit.ModulusCheckDigit_python_partial.json, ModulusCheckDigit, 168-173:toCheckDigit, failure, 4
commons-validator.src.main.org.apache.commons.validator.routines.checkdigit.ModulusCheckDigit_python_partial.json, ModulusCheckDigit, 150-156:toInt, success, 5
commons-validator.src.main.org.apache.commons.validator.routines.checkdigit.ModulusCheckDigit_python_partial.json, ModulusCheckDigit, 104-118:calculateModulus, error, 11
commons-validator.src.main.org.apache.commons.validator.routines.checkdigit.ModulusCheckDigit_python_partial.json, ModulusCheckDigit, 55-57:getModulus, success, 2
commons-validator.src.main.org.apache.commons.validator.routines.checkdigit.ModulusCheckDigit_python_partial.json, ModulusCheckDigit, 46-48:ModulusCheckDigit, success, 2
commons-validator.src.main.org.apache.commons.validator.routines.checkdigit.ModulusCheckDigit_python_partial.json, ModulusCheckDigit, 133-135:weightedValue, success, 2
commons-validator.src.main.org.apache.commons.validator.routines.AbstractNumberValidator_python_partial.json, AbstractNumberValidator, 178-180:getFormat, failure, 17
commons-validator.src.main.org.apache.commons.validator.routines.AbstractNumberValidator_python_partial.json, AbstractNumberValidator, 93-96:isValid3, success, 4
commons-validator.src.main.org.apache.commons.validator.routines.AbstractNumberValidator_python_partial.json, AbstractNumberValidator, 239-268:getFormat1, failure, 23
commons-validator.src.main.org.apache.commons.validator.routines.AbstractNumberValidator_python_partial.json, AbstractNumberValidator, 207-231:determineScale, failure, 20
commons-validator.src.main.org.apache.commons.validator.routines.AbstractNumberValidator_python_partial.json, AbstractNumberValidator, 182-199:getFormat0, failure, 17
commons-validator.src.main.org.apache.commons.validator.routines.AbstractNumberValidator_python_partial.json, AbstractNumberValidator, 147-155:parse, failure, 7
commons-validator.src.main.org.apache.commons.validator.routines.AbstractNumberValidator_python_partial.json, AbstractNumberValidator, 131-136:maxValue, success, 4
commons-validator.src.main.org.apache.commons.validator.routines.AbstractNumberValidator_python_partial.json, AbstractNumberValidator, 117-122:minValue, success, 4
commons-validator.src.main.org.apache.commons.validator.routines.AbstractNumberValidator_python_partial.json, AbstractNumberValidator, 106-108:isInRange, success, 2
commons-validator.src.main.org.apache.commons.validator.routines.AbstractNumberValidator_python_partial.json, AbstractNumberValidator, 79-81:getFormatType, success, 2
commons-validator.src.main.org.apache.commons.validator.routines.AbstractNumberValidator_python_partial.json, AbstractNumberValidator, 70-72:isAllowFractions, success, 2
commons-validator.src.main.org.apache.commons.validator.routines.AbstractNumberValidator_python_partial.json, AbstractNumberValidator, 58-62:AbstractNumberValidator, error, 4
commons-validator.src.main.org.apache.commons.validator.routines.AbstractNumberValidator_python_partial.json, AbstractNumberValidator, 166-166:processParsedValue, success, 6
commons-validator.src.main.org.apache.commons.validator.routines.RegexValidator_python_partial.json, RegexValidator, 207-218:toString, success, 10
commons-validator.src.main.org.apache.commons.validator.routines.RegexValidator_python_partial.json, RegexValidator, 177-199:validate, success, 23
commons-validator.src.main.org.apache.commons.validator.routines.RegexValidator_python_partial.json, RegexValidator, 151-167:match, failure, 12
commons-validator.src.main.org.apache.commons.validator.routines.RegexValidator_python_partial.json, RegexValidator, 132-142:isValid, failure, 8
commons-validator.src.main.org.apache.commons.validator.routines.RegexValidator_python_partial.json, RegexValidator, 98-100:RegexValidator3, failure, 4
commons-validator.src.main.org.apache.commons.validator.routines.RegexValidator_python_partial.json, RegexValidator, 94-96:RegexValidator2, failure, 4
commons-validator.src.main.org.apache.commons.validator.routines.RegexValidator_python_partial.json, RegexValidator, 90-92:RegexValidator1, failure, 4
commons-validator.src.main.org.apache.commons.validator.routines.RegexValidator_python_partial.json, RegexValidator, 75-88:RegexValidator, error, 12
commons-validator.src.main.org.apache.commons.validator.ValidatorResources_python_partial.json, ValidatorResources, 214-216:buildKey, success, 2
commons-validator.src.main.org.apache.commons.validator.ValidatorResources_python_partial.json, ValidatorResources, 92-94:ValidatorResources, success, 2
commons-validator.src.main.org.apache.commons.validator.ValidatorResources_python_partial.json, ValidatorResources, 325-330:getLog, success, 2
commons-validator.src.main.org.apache.commons.validator.ValidatorResources_python_partial.json, ValidatorResources, 219-224:buildLocale, success, 7
commons-validator.src.main.org.apache.commons.validator.routines.checkdigit.ISBN10CheckDigit_python_partial.json, ISBN10CheckDigit, 101-106:toCheckDigit, error, 4
commons-validator.src.main.org.apache.commons.validator.routines.checkdigit.ISBN10CheckDigit_python_partial.json, ISBN10CheckDigit, 84-89:toInt, success, 7
commons-validator.src.main.org.apache.commons.validator.routines.checkdigit.ISBN10CheckDigit_python_partial.json, ISBN10CheckDigit, 68-70:weightedValue, success, 2
commons-validator.src.main.org.apache.commons.validator.routines.checkdigit.ISBN10CheckDigit_python_partial.json, ISBN10CheckDigit, 53-55:ISBN10CheckDigit, error, 2
commons-validator.src.main.org.apache.commons.validator.routines.checkdigit.EAN13CheckDigit_python_partial.json, EAN13CheckDigit, 66-69:weightedValue, failure, 3
commons-validator.src.main.org.apache.commons.validator.routines.checkdigit.EAN13CheckDigit_python_partial.json, EAN13CheckDigit, 50-52:EAN13CheckDigit, error, 2
commons-validator.src.main.org.apache.commons.validator.routines.BigDecimalValidator_python_partial.json, BigDecimalValidator, 211-225:processParsedValue, failure, 13
commons-validator.src.main.org.apache.commons.validator.routines.BigDecimalValidator_python_partial.json, BigDecimalValidator, 199-201:maxValue, failure, 2
commons-validator.src.main.org.apache.commons.validator.routines.BigDecimalValidator_python_partial.json, BigDecimalValidator, 188-190:minValue, failure, 2
commons-validator.src.main.org.apache.commons.validator.routines.BigDecimalValidator_python_partial.json, BigDecimalValidator, 177-179:isInRange, success, 2
commons-validator.src.main.org.apache.commons.validator.routines.BigDecimalValidator_python_partial.json, BigDecimalValidator, 165-167:validate3, failure, 7
commons-validator.src.main.org.apache.commons.validator.routines.BigDecimalValidator_python_partial.json, BigDecimalValidator, 151-153:validate2, failure, 7
commons-validator.src.main.org.apache.commons.validator.routines.BigDecimalValidator_python_partial.json, BigDecimalValidator, 140-142:validate1, failure, 7
commons-validator.src.main.org.apache.commons.validator.routines.BigDecimalValidator_python_partial.json, BigDecimalValidator, 128-130:validate0, failure, 7
commons-validator.src.main.org.apache.commons.validator.routines.BigDecimalValidator_python_partial.json, BigDecimalValidator, 91-93:BigDecimalValidator2, success, 3
commons-validator.src.main.org.apache.commons.validator.routines.BigDecimalValidator_python_partial.json, BigDecimalValidator, 87-89:BigDecimalValidator1, success, 3
commons-validator.src.main.org.apache.commons.validator.routines.BigDecimalValidator_python_partial.json, BigDecimalValidator, 83-85:BigDecimalValidator, error, 2
commons-validator.src.main.org.apache.commons.validator.routines.BigDecimalValidator_python_partial.json, BigDecimalValidator, 78-80:getInstance, success, 3
commons-validator.src.main.org.apache.commons.validator.routines.checkdigit.ISINCheckDigit_python_partial.json, ISINCheckDigit, 96-100:weightedValue, failure, 6
commons-validator.src.main.org.apache.commons.validator.routines.checkdigit.ISINCheckDigit_python_partial.json, ISINCheckDigit, 61-81:calculateModulus, error, 15
commons-validator.src.main.org.apache.commons.validator.routines.checkdigit.ISINCheckDigit_python_partial.json, ISINCheckDigit, 48-50:ISINCheckDigit, error, 2
commons-validator.src.main.org.apache.commons.validator.routines.CodeValidator_python_partial.json, CodeValidator, 245-273:validate, success, 22
commons-validator.src.main.org.apache.commons.validator.routines.CodeValidator_python_partial.json, CodeValidator, 232-234:isValid, success, 3
commons-validator.src.main.org.apache.commons.validator.routines.CodeValidator_python_partial.json, CodeValidator, 216-218:getRegexValidator, success, 2
commons-validator.src.main.org.apache.commons.validator.routines.CodeValidator_python_partial.json, CodeValidator, 204-206:getMaxLength, success, 2
commons-validator.src.main.org.apache.commons.validator.routines.CodeValidator_python_partial.json, CodeValidator, 193-195:getMinLength, success, 2
commons-validator.src.main.org.apache.commons.validator.routines.CodeValidator_python_partial.json, CodeValidator, 182-184:getCheckDigit, success, 2
commons-validator.src.main.org.apache.commons.validator.routines.CodeValidator_python_partial.json, CodeValidator, 125-127:CodeValidator5, success, 3
commons-validator.src.main.org.apache.commons.validator.routines.CodeValidator_python_partial.json, CodeValidator, 121-123:CodeValidator4, success, 3
commons-validator.src.main.org.apache.commons.validator.routines.CodeValidator_python_partial.json, CodeValidator, 116-119:CodeValidator2, success, 3
commons-validator.src.main.org.apache.commons.validator.routines.CodeValidator_python_partial.json, CodeValidator, 111-114:CodeValidator1, success, 4
commons-validator.src.main.org.apache.commons.validator.routines.CodeValidator_python_partial.json, CodeValidator, 87-109:CodeValidator, success, 15
commons-validator.src.main.org.apache.commons.validator.routines.checkdigit.IBANCheckDigit_python_partial.json, IBANCheckDigit, 94-104:calculate, error, 11
commons-validator.src.main.org.apache.commons.validator.routines.checkdigit.IBANCheckDigit_python_partial.json, IBANCheckDigit, 66-80:isValid, failure, 12
commons-validator.src.main.org.apache.commons.validator.routines.checkdigit.IBANCheckDigit_python_partial.json, IBANCheckDigit, 57-57:IBANCheckDigit, success, 37
commons-validator.src.main.org.apache.commons.validator.routines.checkdigit.IBANCheckDigit_python_partial.json, IBANCheckDigit, 113-131:calculateModulus, error, 13
commons-validator.src.main.org.apache.commons.validator.routines.AbstractCalendarValidator_python_partial.json, AbstractCalendarValidator, 201-203:getFormat, success, 13
commons-validator.src.main.org.apache.commons.validator.routines.AbstractCalendarValidator_python_partial.json, AbstractCalendarValidator, 66-69:isValid3, success, 4
commons-validator.src.main.org.apache.commons.validator.routines.AbstractCalendarValidator_python_partial.json, AbstractCalendarValidator, 348-358:compareQuarters, success, 10
commons-validator.src.main.org.apache.commons.validator.routines.AbstractCalendarValidator_python_partial.json, AbstractCalendarValidator, 312-336:compareTime, error, 20
commons-validator.src.main.org.apache.commons.validator.routines.AbstractCalendarValidator_python_partial.json, AbstractCalendarValidator, 264-299:compare, failure, 20
commons-validator.src.main.org.apache.commons.validator.routines.AbstractCalendarValidator_python_partial.json, AbstractCalendarValidator, 226-251:getFormat1, failure, 20
commons-validator.src.main.org.apache.commons.validator.routines.AbstractCalendarValidator_python_partial.json, AbstractCalendarValidator, 205-218:getFormat0, failure, 13
commons-validator.src.main.org.apache.commons.validator.routines.AbstractCalendarValidator_python_partial.json, AbstractCalendarValidator, 167-178:parse, failure, 9
commons-validator.src.main.org.apache.commons.validator.routines.AbstractCalendarValidator_python_partial.json, AbstractCalendarValidator, 148-155:format5, failure, 7
commons-validator.src.main.org.apache.commons.validator.routines.AbstractCalendarValidator_python_partial.json, AbstractCalendarValidator, 131-139:format4, failure, 8
commons-validator.src.main.org.apache.commons.validator.routines.AbstractCalendarValidator_python_partial.json, AbstractCalendarValidator, 117-119:format3, success, 3
commons-validator.src.main.org.apache.commons.validator.routines.AbstractCalendarValidator_python_partial.json, AbstractCalendarValidator, 105-107:format2, success, 3
commons-validator.src.main.org.apache.commons.validator.routines.AbstractCalendarValidator_python_partial.json, AbstractCalendarValidator, 92-94:format1, success, 2
commons-validator.src.main.org.apache.commons.validator.routines.AbstractCalendarValidator_python_partial.json, AbstractCalendarValidator, 79-81:format0, success, 2
commons-validator.src.main.org.apache.commons.validator.routines.AbstractCalendarValidator_python_partial.json, AbstractCalendarValidator, 51-55:AbstractCalendarValidator, error, 4
commons-validator.src.main.org.apache.commons.validator.routines.AbstractCalendarValidator_python_partial.json, AbstractCalendarValidator, 392-401:calculateCompareResult, failure, 21
commons-validator.src.main.org.apache.commons.validator.routines.AbstractCalendarValidator_python_partial.json, AbstractCalendarValidator, 367-380:calculateQuarter, failure, 10
commons-validator.src.main.org.apache.commons.validator.routines.AbstractCalendarValidator_python_partial.json, AbstractCalendarValidator, 189-189:processParsedValue, success, 4
commons-validator.src.main.org.apache.commons.validator.routines.DomainValidator_python_partial.json, IDNBUGHOLDER, 2156-2159:keepsTrailingDot, failure, 5
commons-validator.src.main.org.apache.commons.validator.routines.DomainValidator_python_partial.json, Item, 1967-1970:Item, success, 3
commons-validator.src.main.org.apache.commons.validator.routines.DomainValidator_python_partial.json, DomainValidator, 2127-2153:unicodeToASCII, failure, 22
commons-validator.src.main.org.apache.commons.validator.routines.DomainValidator_python_partial.json, DomainValidator, 2093-2118:getOverrides, success, 18
commons-validator.src.main.org.apache.commons.validator.routines.DomainValidator_python_partial.json, DomainValidator, 2046-2083:getTLDEntries, failure, 1
commons-validator.src.main.org.apache.commons.validator.routines.DomainValidator_python_partial.json, DomainValidator, 1999-2036:updateTLDOverride, failure, 26
commons-validator.src.main.org.apache.commons.validator.routines.DomainValidator_python_partial.json, DomainValidator, 342-344:isAllowLocal, failure, 2
commons-validator.src.main.org.apache.commons.validator.routines.DomainValidator_python_partial.json, DomainValidator, 330-334:isValidLocalTld, failure, 4
commons-validator.src.main.org.apache.commons.validator.routines.DomainValidator_python_partial.json, DomainValidator, 316-320:isValidCountryCodeTld, failure, 4
commons-validator.src.main.org.apache.commons.validator.routines.DomainValidator_python_partial.json, DomainValidator, 303-307:isValidGenericTld, failure, 1
commons-validator.src.main.org.apache.commons.validator.routines.DomainValidator_python_partial.json, DomainValidator, 291-294:isValidInfrastructureTld, failure, 4
commons-validator.src.main.org.apache.commons.validator.routines.DomainValidator_python_partial.json, DomainValidator, 275-282:isValidTld, failure, 5
commons-validator.src.main.org.apache.commons.validator.routines.DomainValidator_python_partial.json, DomainValidator, 252-262:isValidDomainSyntax, failure, 13
commons-validator.src.main.org.apache.commons.validator.routines.DomainValidator_python_partial.json, DomainValidator, 237-250:isValid, failure, 11
commons-validator.src.main.org.apache.commons.validator.routines.DomainValidator_python_partial.json, DomainValidator, 152-222:DomainValidator, failure, 33
commons-validator.src.main.org.apache.commons.validator.routines.DomainValidator_python_partial.json, DomainValidator, 134-137:getInstance2, failure, 5
commons-validator.src.main.org.apache.commons.validator.routines.DomainValidator_python_partial.json, DomainValidator, 115-121:getInstance1, failure, 9
commons-validator.src.main.org.apache.commons.validator.routines.DomainValidator_python_partial.json, DomainValidator, 104-107:getInstance0, failure, 4
commons-validator.src.main.org.apache.commons.validator.routines.DomainValidator_python_partial.json, DomainValidator, 2187-2189:arrayContains, failure, 23
commons-validator.src.main.org.apache.commons.validator.routines.DomainValidator_python_partial.json, DomainValidator, 2168-2178:isOnlyASCII, success, 11
commons-validator.src.main.org.apache.commons.validator.routines.DomainValidator_python_partial.json, DomainValidator, 346-351:chompLeadingDot, failure, 4
commons-validator.src.main.org.apache.commons.validator.util.Flags_python_partial.json, Flags, 186-192:toString, success, 4
commons-validator.src.main.org.apache.commons.validator.util.Flags_python_partial.json, Flags, 175-177:hashCode, success, 2
commons-validator.src.main.org.apache.commons.validator.util.Flags_python_partial.json, Flags, 154-166:equals, success, 11
commons-validator.src.main.org.apache.commons.validator.util.Flags_python_partial.json, Flags, 138-144:clone, success, 5
commons-validator.src.main.org.apache.commons.validator.util.Flags_python_partial.json, Flags, 127-129:turnOnAll, failure, 2
commons-validator.src.main.org.apache.commons.validator.util.Flags_python_partial.json, Flags, 122-124:clear, failure, 2
commons-validator.src.main.org.apache.commons.validator.util.Flags_python_partial.json, Flags, 113-115:turnOffAll, success, 2
commons-validator.src.main.org.apache.commons.validator.util.Flags_python_partial.json, Flags, 108-110:turnOff, success, 2
commons-validator.src.main.org.apache.commons.validator.util.Flags_python_partial.json, Flags, 98-100:turnOn, success, 2
commons-validator.src.main.org.apache.commons.validator.util.Flags_python_partial.json, Flags, 88-90:isOff, success, 2
commons-validator.src.main.org.apache.commons.validator.util.Flags_python_partial.json, Flags, 77-79:isOn, failure, 2
commons-validator.src.main.org.apache.commons.validator.util.Flags_python_partial.json, Flags, 66-68:getFlags, success, 2
commons-validator.src.main.org.apache.commons.validator.util.Flags_python_partial.json, Flags, 54-59:Flags, success, 3
commons-validator.src.main.org.apache.commons.validator.routines.InetAddressValidator_python_partial.json, InetAddressValidator, 122-207:isValidInet6Address, failure, 60
commons-validator.src.main.org.apache.commons.validator.routines.InetAddressValidator_python_partial.json, InetAddressValidator, 83-113:isValidInet4Address, failure, 23
commons-validator.src.main.org.apache.commons.validator.routines.InetAddressValidator_python_partial.json, InetAddressValidator, 73-75:isValid, success, 3
commons-validator.src.main.org.apache.commons.validator.routines.InetAddressValidator_python_partial.json, InetAddressValidator, 63-65:getInstance, success, 3
commons-validator.src.main.org.apache.commons.validator.GenericValidator_python_partial.json, GenericValidator, 416-418:maxValue3, success, 3
commons-validator.src.main.org.apache.commons.validator.GenericValidator_python_partial.json, GenericValidator, 405-407:maxValue2, success, 3
commons-validator.src.main.org.apache.commons.validator.GenericValidator_python_partial.json, GenericValidator, 394-396:maxValue1, success, 3
commons-validator.src.main.org.apache.commons.validator.GenericValidator_python_partial.json, GenericValidator, 383-385:maxValue0, success, 3
commons-validator.src.main.org.apache.commons.validator.GenericValidator_python_partial.json, GenericValidator, 372-374:minValue3, success, 3
commons-validator.src.main.org.apache.commons.validator.GenericValidator_python_partial.json, GenericValidator, 361-363:minValue2, success, 3
commons-validator.src.main.org.apache.commons.validator.GenericValidator_python_partial.json, GenericValidator, 350-352:minValue1, success, 3
commons-validator.src.main.org.apache.commons.validator.GenericValidator_python_partial.json, GenericValidator, 339-341:minValue0, success, 3
commons-validator.src.main.org.apache.commons.validator.GenericValidator_python_partial.json, GenericValidator, 304-307:minLength1, success, 5
commons-validator.src.main.org.apache.commons.validator.GenericValidator_python_partial.json, GenericValidator, 292-294:minLength0, success, 3
commons-validator.src.main.org.apache.commons.validator.GenericValidator_python_partial.json, GenericValidator, 280-283:maxLength1, success, 5
commons-validator.src.main.org.apache.commons.validator.GenericValidator_python_partial.json, GenericValidator, 268-270:maxLength0, success, 3
commons-validator.src.main.org.apache.commons.validator.GenericValidator_python_partial.json, GenericValidator, 257-259:isUrl, success, 3
commons-validator.src.main.org.apache.commons.validator.GenericValidator_python_partial.json, GenericValidator, 246-248:isEmail, success, 3
commons-validator.src.main.org.apache.commons.validator.GenericValidator_python_partial.json, GenericValidator, 236-238:isCreditCard, success, 3
commons-validator.src.main.org.apache.commons.validator.GenericValidator_python_partial.json, GenericValidator, 226-228:isInRange5, success, 3
commons-validator.src.main.org.apache.commons.validator.GenericValidator_python_partial.json, GenericValidator, 214-216:isInRange4, success, 3
commons-validator.src.main.org.apache.commons.validator.GenericValidator_python_partial.json, GenericValidator, 202-204:isInRange3, success, 3
commons-validator.src.main.org.apache.commons.validator.GenericValidator_python_partial.json, GenericValidator, 190-192:isInRange2, success, 3
commons-validator.src.main.org.apache.commons.validator.GenericValidator_python_partial.json, GenericValidator, 178-180:isInRange1, success, 3
commons-validator.src.main.org.apache.commons.validator.GenericValidator_python_partial.json, GenericValidator, 166-168:isInRange0, success, 3
commons-validator.src.main.org.apache.commons.validator.GenericValidator_python_partial.json, GenericValidator, 153-156:isDate1, success, 15
commons-validator.src.main.org.apache.commons.validator.GenericValidator_python_partial.json, GenericValidator, 138-140:isDate0, success, 3
commons-validator.src.main.org.apache.commons.validator.GenericValidator_python_partial.json, GenericValidator, 126-128:isDouble, success, 4
commons-validator.src.main.org.apache.commons.validator.GenericValidator_python_partial.json, GenericValidator, 116-118:isFloat, success, 4
commons-validator.src.main.org.apache.commons.validator.GenericValidator_python_partial.json, GenericValidator, 106-108:isLong, success, 4
commons-validator.src.main.org.apache.commons.validator.GenericValidator_python_partial.json, GenericValidator, 96-98:isInt, success, 4
commons-validator.src.main.org.apache.commons.validator.GenericValidator_python_partial.json, GenericValidator, 86-88:isShort, success, 4
commons-validator.src.main.org.apache.commons.validator.GenericValidator_python_partial.json, GenericValidator, 76-78:isByte, success, 4
commons-validator.src.main.org.apache.commons.validator.GenericValidator_python_partial.json, GenericValidator, 62-68:matchRegexp, success, 7
commons-validator.src.main.org.apache.commons.validator.GenericValidator_python_partial.json, GenericValidator, 51-53:isBlankOrNull, success, 3
commons-validator.src.main.org.apache.commons.validator.GenericValidator_python_partial.json, GenericValidator, 318-330:adjustForLineEnding, success, 11
commons-validator.src.main.org.apache.commons.validator.routines.checkdigit.ISSNCheckDigit_python_partial.json, ISSNCheckDigit, 77-82:toInt, success, 7
commons-validator.src.main.org.apache.commons.validator.routines.checkdigit.ISSNCheckDigit_python_partial.json, ISSNCheckDigit, 69-74:toCheckDigit, success, 6
commons-validator.src.main.org.apache.commons.validator.routines.checkdigit.ISSNCheckDigit_python_partial.json, ISSNCheckDigit, 63-66:weightedValue, success, 2
commons-validator.src.main.org.apache.commons.validator.routines.checkdigit.ISSNCheckDigit_python_partial.json, ISSNCheckDigit, 58-60:ISSNCheckDigit, error, 2
commons-validator.src.main.org.apache.commons.validator.ValidatorResult_python_partial.json, ResultStatus, 185-187:isValid, success, 2
commons-validator.src.main.org.apache.commons.validator.ValidatorResult_python_partial.json, ResultStatus, 214-216:setResult, success, 2
commons-validator.src.main.org.apache.commons.validator.ValidatorResult_python_partial.json, ResultStatus, 204-206:getResult, success, 2
commons-validator.src.main.org.apache.commons.validator.ValidatorResult_python_partial.json, ResultStatus, 194-196:setValid, success, 2
commons-validator.src.main.org.apache.commons.validator.ValidatorResult_python_partial.json, ResultStatus, 165-168:ResultStatus0, success, 3
commons-validator.src.main.org.apache.commons.validator.ValidatorResult_python_partial.json, ResultStatus, 152-163:ResultStatus, success, 8
commons-validator.src.main.org.apache.commons.validator.ValidatorResult_python_partial.json, ValidatorResult, 125-127:getActionMap, success, 2
commons-validator.src.main.org.apache.commons.validator.ValidatorResult_python_partial.json, ValidatorResult, 134-136:getField, success, 2
commons-validator.src.main.org.apache.commons.validator.ValidatorResult_python_partial.json, ValidatorResult, 113-115:getActions, success, 2
commons-validator.src.main.org.apache.commons.validator.ValidatorResult_python_partial.json, ValidatorResult, 103-106:getResult, success, 3
commons-validator.src.main.org.apache.commons.validator.ValidatorResult_python_partial.json, ValidatorResult, 92-95:isValid, success, 3
commons-validator.src.main.org.apache.commons.validator.ValidatorResult_python_partial.json, ValidatorResult, 82-84:containsAction, success, 2
commons-validator.src.main.org.apache.commons.validator.ValidatorResult_python_partial.json, ValidatorResult, 72-74:add1, success, 2
commons-validator.src.main.org.apache.commons.validator.ValidatorResult_python_partial.json, ValidatorResult, 61-63:add0, success, 2
commons-validator.src.main.org.apache.commons.validator.ValidatorResult_python_partial.json, ValidatorResult, 51-53:ValidatorResult, success, 2
commons-validator.src.main.org.apache.commons.validator.Validator_python_partial.json, Validator, 337-339:setOnlyReturnErrors, success, 2
commons-validator.src.main.org.apache.commons.validator.Validator_python_partial.json, Validator, 327-329:getOnlyReturnErrors, success, 2
commons-validator.src.main.org.apache.commons.validator.Validator_python_partial.json, Validator, 310-312:setClassLoader, success, 2
commons-validator.src.main.org.apache.commons.validator.Validator_python_partial.json, Validator, 289-302:getClassLoader, success, 11
commons-validator.src.main.org.apache.commons.validator.Validator_python_partial.json, Validator, 272-274:setUseContextClassLoader, success, 2
commons-validator.src.main.org.apache.commons.validator.Validator_python_partial.json, Validator, 260-262:getUseContextClassLoader, success, 2
commons-validator.src.main.org.apache.commons.validator.Validator_python_partial.json, Validator, 248-253:clear, success, 5
commons-validator.src.main.org.apache.commons.validator.Validator_python_partial.json, Validator, 237-239:setPage, success, 2
commons-validator.src.main.org.apache.commons.validator.Validator_python_partial.json, Validator, 224-226:getPage, success, 2
commons-validator.src.main.org.apache.commons.validator.Validator_python_partial.json, Validator, 211-213:setFieldName, success, 2
commons-validator.src.main.org.apache.commons.validator.Validator_python_partial.json, Validator, 201-203:setFormName, success, 2
commons-validator.src.main.org.apache.commons.validator.Validator_python_partial.json, Validator, 192-194:getFormName, success, 2
commons-validator.src.main.org.apache.commons.validator.Validator_python_partial.json, Validator, 183-185:getParameterValue, success, 2
commons-validator.src.main.org.apache.commons.validator.Validator_python_partial.json, Validator, 171-173:setParameter, success, 2
commons-validator.src.main.org.apache.commons.validator.Validator_python_partial.json, Validator, 142-144:Validator2, success, 3
commons-validator.src.main.org.apache.commons.validator.Validator_python_partial.json, Validator, 120-140:Validator, success, 13
commons-validator.src.main.org.apache.commons.validator.routines.checkdigit.LuhnCheckDigit_python_partial.json, LuhnCheckDigit, 66-72:weightedValue, failure, 6
commons-validator.src.main.org.apache.commons.validator.routines.checkdigit.LuhnCheckDigit_python_partial.json, LuhnCheckDigit, 50-52:LuhnCheckDigit, error, 2
commons-validator.src.main.org.apache.commons.validator.routines.checkdigit.ModulusTenCheckDigit_python_partial.json, ModulusTenCheckDigit, 221-230:toString, success, 2
commons-validator.src.main.org.apache.commons.validator.routines.checkdigit.ModulusTenCheckDigit_python_partial.json, ModulusTenCheckDigit, 205-213:weightedValue, failure, 10
commons-validator.src.main.org.apache.commons.validator.routines.checkdigit.ModulusTenCheckDigit_python_partial.json, ModulusTenCheckDigit, 187-194:toInt, failure, 7
commons-validator.src.main.org.apache.commons.validator.routines.checkdigit.ModulusTenCheckDigit_python_partial.json, ModulusTenCheckDigit, 161-170:isValid, failure, 11
commons-validator.src.main.org.apache.commons.validator.routines.checkdigit.ModulusTenCheckDigit_python_partial.json, ModulusTenCheckDigit, 131-133:ModulusTenCheckDigit2, success, 3
commons-validator.src.main.org.apache.commons.validator.routines.checkdigit.ModulusTenCheckDigit_python_partial.json, ModulusTenCheckDigit, 126-129:ModulusTenCheckDigit1, success, 3
commons-validator.src.main.org.apache.commons.validator.routines.checkdigit.ModulusTenCheckDigit_python_partial.json, ModulusTenCheckDigit, 118-124:ModulusTenCheckDigit, error, 5
commons-validator.src.main.org.apache.commons.validator.routines.checkdigit.ISBNCheckDigit_python_partial.json, ISBNCheckDigit, 85-95:isValid, success, 10
commons-validator.src.main.org.apache.commons.validator.routines.checkdigit.ISBNCheckDigit_python_partial.json, ISBNCheckDigit, 60-71:calculate, success, 11
commons-validator.src.main.org.apache.commons.validator.routines.checkdigit.SedolCheckDigit_python_partial.json, SedolCheckDigit, 96-112:toInt, error, 17
commons-validator.src.main.org.apache.commons.validator.routines.checkdigit.SedolCheckDigit_python_partial.json, SedolCheckDigit, 82-84:weightedValue, failure, 2
commons-validator.src.main.org.apache.commons.validator.routines.checkdigit.SedolCheckDigit_python_partial.json, SedolCheckDigit, 64-71:calculateModulus, error, 13
commons-validator.src.main.org.apache.commons.validator.routines.checkdigit.SedolCheckDigit_python_partial.json, SedolCheckDigit, 51-53:SedolCheckDigit, error, 2
commons-validator.src.main.org.apache.commons.validator.routines.checkdigit.VerhoeffCheckDigit_python_partial.json, VerhoeffCheckDigit, 98-104:calculate, error, 7
commons-validator.src.main.org.apache.commons.validator.routines.checkdigit.VerhoeffCheckDigit_python_partial.json, VerhoeffCheckDigit, 78-87:isValid, success, 8
commons-validator.src.main.org.apache.commons.validator.routines.checkdigit.VerhoeffCheckDigit_python_partial.json, VerhoeffCheckDigit, 114-128:calculateChecksum, error, 12
commons-validator.src.main.org.apache.commons.validator.routines.checkdigit.ABANumberCheckDigit_python_partial.json, ABANumberCheckDigit, 72-75:weightedValue, failure, 3
commons-validator.src.main.org.apache.commons.validator.routines.checkdigit.ABANumberCheckDigit_python_partial.json, ABANumberCheckDigit, 52-54:ABANumberCheckDigit, error, 2
commons-validator.src.main.org.apache.commons.validator.routines.checkdigit.CUSIPCheckDigit_python_partial.json, CUSIPCheckDigit, 88-92:weightedValue, failure, 6
commons-validator.src.main.org.apache.commons.validator.routines.checkdigit.CUSIPCheckDigit_python_partial.json, CUSIPCheckDigit, 59-74:toInt, failure, 17
commons-validator.src.main.org.apache.commons.validator.routines.checkdigit.CUSIPCheckDigit_python_partial.json, CUSIPCheckDigit, 45-47:CUSIPCheckDigit, error, 2
commons-validator.src.main.org.apache.commons.validator.routines.FloatValidator_python_partial.json, FloatValidator, 229-251:processParsedValue, failure, 17
commons-validator.src.main.org.apache.commons.validator.routines.FloatValidator_python_partial.json, FloatValidator, 216-218:maxValue1, success, 2
commons-validator.src.main.org.apache.commons.validator.routines.FloatValidator_python_partial.json, FloatValidator, 205-207:maxValue0, success, 2
commons-validator.src.main.org.apache.commons.validator.routines.FloatValidator_python_partial.json, FloatValidator, 194-196:minValue1, success, 2
commons-validator.src.main.org.apache.commons.validator.routines.FloatValidator_python_partial.json, FloatValidator, 183-185:minValue0, success, 2
commons-validator.src.main.org.apache.commons.validator.routines.FloatValidator_python_partial.json, FloatValidator, 172-174:isInRange1, success, 2
commons-validator.src.main.org.apache.commons.validator.routines.FloatValidator_python_partial.json, FloatValidator, 160-162:isInRange0, success, 2
commons-validator.src.main.org.apache.commons.validator.routines.FloatValidator_python_partial.json, FloatValidator, 148-150:validate3, failure, 7
commons-validator.src.main.org.apache.commons.validator.routines.FloatValidator_python_partial.json, FloatValidator, 134-136:validate2, failure, 7
commons-validator.src.main.org.apache.commons.validator.routines.FloatValidator_python_partial.json, FloatValidator, 123-125:validate1, failure, 7
commons-validator.src.main.org.apache.commons.validator.routines.FloatValidator_python_partial.json, FloatValidator, 112-114:validate0, failure, 7
commons-validator.src.main.org.apache.commons.validator.routines.FloatValidator_python_partial.json, FloatValidator, 83-85:FloatValidator1, success, 3
commons-validator.src.main.org.apache.commons.validator.routines.FloatValidator_python_partial.json, FloatValidator, 79-81:FloatValidator, error, 2
commons-validator.src.main.org.apache.commons.validator.routines.FloatValidator_python_partial.json, FloatValidator, 74-76:getInstance, success, 3
commons-validator.src.main.org.apache.commons.validator.EmailValidator_python_partial.json, EmailValidator, 205-215:stripComments, success, 10
commons-validator.src.main.org.apache.commons.validator.EmailValidator_python_partial.json, EmailValidator, 163-195:isValidSymbolicDomain, success, 29
commons-validator.src.main.org.apache.commons.validator.EmailValidator_python_partial.json, EmailValidator, 134-155:isValidIpAddress, success, 20
commons-validator.src.main.org.apache.commons.validator.EmailValidator_python_partial.json, EmailValidator, 124-126:isValidUser, success, 2
commons-validator.src.main.org.apache.commons.validator.EmailValidator_python_partial.json, EmailValidator, 93-116:isValidDomain, success, 20
commons-validator.src.main.org.apache.commons.validator.EmailValidator_python_partial.json, EmailValidator, 83-85:isValid, success, 19
commons-validator.src.main.org.apache.commons.validator.EmailValidator_python_partial.json, EmailValidator, 72-74:EmailValidator, success, 2
commons-validator.src.main.org.apache.commons.validator.EmailValidator_python_partial.json, EmailValidator, 67-69:getInstance, success, 3
commons-validator.src.main.org.apache.commons.validator.routines.EmailValidator_python_partial.json, EmailValidator, 221-228:isValidUser, failure, 6
commons-validator.src.main.org.apache.commons.validator.routines.EmailValidator_python_partial.json, EmailValidator, 200-213:isValidDomain, failure, 11
commons-validator.src.main.org.apache.commons.validator.routines.EmailValidator_python_partial.json, EmailValidator, 169-192:isValid, failure, 19
commons-validator.src.main.org.apache.commons.validator.routines.EmailValidator_python_partial.json, EmailValidator, 158-160:EmailValidator0, success, 3
commons-validator.src.main.org.apache.commons.validator.routines.EmailValidator_python_partial.json, EmailValidator, 123-144:EmailValidator, error, 13
commons-validator.src.main.org.apache.commons.validator.routines.EmailValidator_python_partial.json, EmailValidator, 110-112:getInstance2, failure, 4
commons-validator.src.main.org.apache.commons.validator.routines.EmailValidator_python_partial.json, EmailValidator, 88-102:getInstance1, failure, 13
commons-validator.src.main.org.apache.commons.validator.routines.EmailValidator_python_partial.json, EmailValidator, 77-79:getInstance0, failure, 3
commons-validator.src.main.org.apache.commons.validator.routines.DoubleValidator_python_partial.json, DoubleValidator, 229-235:processParsedValue, success, 8
commons-validator.src.main.org.apache.commons.validator.routines.DoubleValidator_python_partial.json, DoubleValidator, 216-218:maxValue1, success, 2
commons-validator.src.main.org.apache.commons.validator.routines.DoubleValidator_python_partial.json, DoubleValidator, 205-207:maxValue0, success, 2
commons-validator.src.main.org.apache.commons.validator.routines.DoubleValidator_python_partial.json, DoubleValidator, 194-196:minValue1, success, 2
commons-validator.src.main.org.apache.commons.validator.routines.DoubleValidator_python_partial.json, DoubleValidator, 183-185:minValue0, success, 2
commons-validator.src.main.org.apache.commons.validator.routines.DoubleValidator_python_partial.json, DoubleValidator, 172-174:isInRange1, success, 2
commons-validator.src.main.org.apache.commons.validator.routines.DoubleValidator_python_partial.json, DoubleValidator, 160-162:isInRange0, success, 2
commons-validator.src.main.org.apache.commons.validator.routines.DoubleValidator_python_partial.json, DoubleValidator, 148-150:validate3, failure, 7
commons-validator.src.main.org.apache.commons.validator.routines.DoubleValidator_python_partial.json, DoubleValidator, 134-136:validate2, failure, 7
commons-validator.src.main.org.apache.commons.validator.routines.DoubleValidator_python_partial.json, DoubleValidator, 123-125:validate1, failure, 7
commons-validator.src.main.org.apache.commons.validator.routines.DoubleValidator_python_partial.json, DoubleValidator, 112-114:validate0, failure, 7
commons-validator.src.main.org.apache.commons.validator.routines.DoubleValidator_python_partial.json, DoubleValidator, 83-85:DoubleValidator1, success, 3
commons-validator.src.main.org.apache.commons.validator.routines.DoubleValidator_python_partial.json, DoubleValidator, 79-81:DoubleValidator, error, 2
commons-validator.src.main.org.apache.commons.validator.routines.DoubleValidator_python_partial.json, DoubleValidator, 74-76:getInstance, success, 3
commons-validator.src.main.org.apache.commons.validator.routines.CurrencyValidator_python_partial.json, CurrencyValidator, 94-114:parse, failure, 16
commons-validator.src.main.org.apache.commons.validator.routines.CurrencyValidator_python_partial.json, CurrencyValidator, 69-71:CurrencyValidator1, success, 3
commons-validator.src.main.org.apache.commons.validator.routines.CurrencyValidator_python_partial.json, CurrencyValidator, 65-67:CurrencyValidator, error, 2
commons-validator.src.main.org.apache.commons.validator.routines.CurrencyValidator_python_partial.json, CurrencyValidator, 60-62:getInstance, success, 3
commons-validator.src.main.org.apache.commons.validator.routines.ISINValidator_python_partial.json, ISINValidator, 102-108:validate, success, 6
commons-validator.src.main.org.apache.commons.validator.routines.ISINValidator_python_partial.json, ISINValidator, 88-94:isValid, failure, 6
commons-validator.src.main.org.apache.commons.validator.routines.ISINValidator_python_partial.json, ISINValidator, 74-76:getInstance, success, 3
commons-validator.src.main.org.apache.commons.validator.routines.ISINValidator_python_partial.json, ISINValidator, 110-112:checkCode, failure, 2
commons-validator.src.main.org.apache.commons.validator.routines.ISINValidator_python_partial.json, ISINValidator, 78-80:ISINValidator, success, 2
commons-validator.src.main.org.apache.commons.validator.routines.IntegerValidator_python_partial.json, IntegerValidator, 229-238:processParsedValue, failure, 6
commons-validator.src.main.org.apache.commons.validator.routines.IntegerValidator_python_partial.json, IntegerValidator, 216-218:maxValue1, success, 2
commons-validator.src.main.org.apache.commons.validator.routines.IntegerValidator_python_partial.json, IntegerValidator, 205-207:maxValue0, success, 2
commons-validator.src.main.org.apache.commons.validator.routines.IntegerValidator_python_partial.json, IntegerValidator, 194-196:minValue1, success, 2
commons-validator.src.main.org.apache.commons.validator.routines.IntegerValidator_python_partial.json, IntegerValidator, 183-185:minValue0, success, 2
commons-validator.src.main.org.apache.commons.validator.routines.IntegerValidator_python_partial.json, IntegerValidator, 172-174:isInRange1, success, 2
commons-validator.src.main.org.apache.commons.validator.routines.IntegerValidator_python_partial.json, IntegerValidator, 160-162:isInRange0, success, 2
commons-validator.src.main.org.apache.commons.validator.routines.IntegerValidator_python_partial.json, IntegerValidator, 148-150:validate3, failure, 7
commons-validator.src.main.org.apache.commons.validator.routines.IntegerValidator_python_partial.json, IntegerValidator, 134-136:validate2, failure, 7
commons-validator.src.main.org.apache.commons.validator.routines.IntegerValidator_python_partial.json, IntegerValidator, 123-125:validate1, failure, 7
commons-validator.src.main.org.apache.commons.validator.routines.IntegerValidator_python_partial.json, IntegerValidator, 112-114:validate0, failure, 7
commons-validator.src.main.org.apache.commons.validator.routines.IntegerValidator_python_partial.json, IntegerValidator, 83-85:IntegerValidator1, success, 3
commons-validator.src.main.org.apache.commons.validator.routines.IntegerValidator_python_partial.json, IntegerValidator, 79-81:IntegerValidator, error, 2
commons-validator.src.main.org.apache.commons.validator.routines.IntegerValidator_python_partial.json, IntegerValidator, 74-76:getInstance, success, 3
commons-validator.src.main.org.apache.commons.validator.routines.IBANValidator_python_partial.json, Validator, 58-81:Validator, error, 19
commons-validator.src.main.org.apache.commons.validator.routines.IBANValidator_python_partial.json, IBANValidator, 297-305:setValidator1, failure, 6
commons-validator.src.main.org.apache.commons.validator.routines.IBANValidator_python_partial.json, IBANValidator, 279-284:setValidator0, success, 4
commons-validator.src.main.org.apache.commons.validator.routines.IBANValidator_python_partial.json, IBANValidator, 264-270:getValidator, success, 8
commons-validator.src.main.org.apache.commons.validator.routines.IBANValidator_python_partial.json, IBANValidator, 254-256:getDefaultValidators, failure, 2
commons-validator.src.main.org.apache.commons.validator.routines.IBANValidator_python_partial.json, IBANValidator, 245-247:hasValidator, success, 8
commons-validator.src.main.org.apache.commons.validator.routines.IBANValidator_python_partial.json, IBANValidator, 229-237:isValid, success, 6
commons-validator.src.main.org.apache.commons.validator.routines.IBANValidator_python_partial.json, IBANValidator, 206-208:IBANValidator1, failure, 3
commons-validator.src.main.org.apache.commons.validator.routines.IBANValidator_python_partial.json, IBANValidator, 202-204:IBANValidator, failure, 2
commons-validator.src.main.org.apache.commons.validator.routines.IBANValidator_python_partial.json, IBANValidator, 197-199:getInstance, success, 3
commons-validator.src.main.org.apache.commons.validator.routines.IBANValidator_python_partial.json, IBANValidator, 215-221:createValidators, success, 5
commons-validator.src.main.org.apache.commons.validator.routines.BigIntegerValidator_python_partial.json, BigIntegerValidator, 195-197:processParsedValue, failure, 6
commons-validator.src.main.org.apache.commons.validator.routines.BigIntegerValidator_python_partial.json, BigIntegerValidator, 183-185:maxValue, success, 2
commons-validator.src.main.org.apache.commons.validator.routines.BigIntegerValidator_python_partial.json, BigIntegerValidator, 172-174:minValue, success, 2
commons-validator.src.main.org.apache.commons.validator.routines.BigIntegerValidator_python_partial.json, BigIntegerValidator, 161-163:isInRange, success, 2
commons-validator.src.main.org.apache.commons.validator.routines.BigIntegerValidator_python_partial.json, BigIntegerValidator, 149-151:validate3, failure, 7
commons-validator.src.main.org.apache.commons.validator.routines.BigIntegerValidator_python_partial.json, BigIntegerValidator, 135-137:validate2, failure, 7
commons-validator.src.main.org.apache.commons.validator.routines.BigIntegerValidator_python_partial.json, BigIntegerValidator, 124-126:validate1, failure, 7
commons-validator.src.main.org.apache.commons.validator.routines.BigIntegerValidator_python_partial.json, BigIntegerValidator, 113-115:validate0, failure, 7
commons-validator.src.main.org.apache.commons.validator.routines.BigIntegerValidator_python_partial.json, BigIntegerValidator, 84-86:BigIntegerValidator1, success, 3
commons-validator.src.main.org.apache.commons.validator.routines.BigIntegerValidator_python_partial.json, BigIntegerValidator, 80-82:BigIntegerValidator, error, 2
commons-validator.src.main.org.apache.commons.validator.routines.BigIntegerValidator_python_partial.json, BigIntegerValidator, 75-77:getInstance, success, 3
commons-validator.src.main.org.apache.commons.validator.routines.DateValidator_python_partial.json, DateValidator, 312-314:processParsedValue, success, 2
commons-validator.src.main.org.apache.commons.validator.routines.DateValidator_python_partial.json, DateValidator, 298-302:compareYears, failure, 5
commons-validator.src.main.org.apache.commons.validator.routines.DateValidator_python_partial.json, DateValidator, 282-287:compareQuarters1, success, 5
commons-validator.src.main.org.apache.commons.validator.routines.DateValidator_python_partial.json, DateValidator, 268-270:compareQuarters0, success, 3
commons-validator.src.main.org.apache.commons.validator.routines.DateValidator_python_partial.json, DateValidator, 253-257:compareMonths, failure, 5
commons-validator.src.main.org.apache.commons.validator.routines.DateValidator_python_partial.json, DateValidator, 238-242:compareWeeks, failure, 5
commons-validator.src.main.org.apache.commons.validator.routines.DateValidator_python_partial.json, DateValidator, 223-227:compareDates, failure, 6
commons-validator.src.main.org.apache.commons.validator.routines.DateValidator_python_partial.json, DateValidator, 210-212:validate7, failure, 9
commons-validator.src.main.org.apache.commons.validator.routines.DateValidator_python_partial.json, DateValidator, 195-197:validate6, failure, 7
commons-validator.src.main.org.apache.commons.validator.routines.DateValidator_python_partial.json, DateValidator, 181-183:validate5, failure, 9
commons-validator.src.main.org.apache.commons.validator.routines.DateValidator_python_partial.json, DateValidator, 168-170:validate4, failure, 7
commons-validator.src.main.org.apache.commons.validator.routines.DateValidator_python_partial.json, DateValidator, 156-158:validate3, failure, 9
commons-validator.src.main.org.apache.commons.validator.routines.DateValidator_python_partial.json, DateValidator, 142-144:validate2, failure, 7
commons-validator.src.main.org.apache.commons.validator.routines.DateValidator_python_partial.json, DateValidator, 129-131:validate1, failure, 9
commons-validator.src.main.org.apache.commons.validator.routines.DateValidator_python_partial.json, DateValidator, 117-119:validate0, failure, 7
commons-validator.src.main.org.apache.commons.validator.routines.DateValidator_python_partial.json, DateValidator, 99-101:DateValidator1, success, 3
commons-validator.src.main.org.apache.commons.validator.routines.DateValidator_python_partial.json, DateValidator, 95-97:DateValidator, error, 2
commons-validator.src.main.org.apache.commons.validator.routines.DateValidator_python_partial.json, DateValidator, 90-92:getInstance, success, 3
commons-validator.src.main.org.apache.commons.validator.routines.DateValidator_python_partial.json, DateValidator, 322-332:getCalendar, failure, 7
commons-validator.src.main.org.apache.commons.validator.DateValidator_python_partial.json, DateValidator, 97-119:isValid1, success, 19
commons-validator.src.main.org.apache.commons.validator.DateValidator_python_partial.json, DateValidator, 65-86:isValid0, success, 14
commons-validator.src.main.org.apache.commons.validator.DateValidator_python_partial.json, DateValidator, 50-52:DateValidator, success, 2
commons-validator.src.main.org.apache.commons.validator.DateValidator_python_partial.json, DateValidator, 45-47:getInstance, success, 3
commons-validator.src.main.org.apache.commons.validator.UrlValidator_python_partial.json, UrlValidator, 429-440:countToken, failure, 10
commons-validator.src.main.org.apache.commons.validator.UrlValidator_python_partial.json, UrlValidator, 414-420:isValidFragment, failure, 5
commons-validator.src.main.org.apache.commons.validator.UrlValidator_python_partial.json, UrlValidator, 400-406:isValidQuery, failure, 6
commons-validator.src.main.org.apache.commons.validator.UrlValidator_python_partial.json, UrlValidator, 371-392:isValidPath, failure, 18
commons-validator.src.main.org.apache.commons.validator.UrlValidator_python_partial.json, UrlValidator, 286-363:isValidAuthority, failure, 61
commons-validator.src.main.org.apache.commons.validator.UrlValidator_python_partial.json, UrlValidator, 263-277:isValidScheme, failure, 12
commons-validator.src.main.org.apache.commons.validator.UrlValidator_python_partial.json, UrlValidator, 220-254:isValid, failure, 28
commons-validator.src.main.org.apache.commons.validator.UrlValidator_python_partial.json, UrlValidator, 183-185:UrlValidator3, success, 3
commons-validator.src.main.org.apache.commons.validator.UrlValidator_python_partial.json, UrlValidator, 179-181:UrlValidator2, failure, 3
commons-validator.src.main.org.apache.commons.validator.UrlValidator_python_partial.json, UrlValidator, 175-177:UrlValidator1, success, 3
commons-validator.src.main.org.apache.commons.validator.UrlValidator_python_partial.json, UrlValidator, 161-173:UrlValidator, failure, 11
commons-validator.src.main.org.apache.commons.validator.routines.UrlValidator_python_partial.json, UrlValidator, 496-507:countToken, failure, 10
commons-validator.src.main.org.apache.commons.validator.routines.UrlValidator_python_partial.json, UrlValidator, 481-487:isValidFragment, failure, 5
commons-validator.src.main.org.apache.commons.validator.routines.UrlValidator_python_partial.json, UrlValidator, 467-473:isValidQuery, failure, 5
commons-validator.src.main.org.apache.commons.validator.routines.UrlValidator_python_partial.json, UrlValidator, 433-459:isValidPath, failure, 21
commons-validator.src.main.org.apache.commons.validator.routines.UrlValidator_python_partial.json, UrlValidator, 377-425:isValidAuthority, failure, 1
commons-validator.src.main.org.apache.commons.validator.routines.UrlValidator_python_partial.json, UrlValidator, 349-364:isValidScheme, failure, 12
commons-validator.src.main.org.apache.commons.validator.routines.UrlValidator_python_partial.json, UrlValidator, 297-340:isValid, failure, 33
commons-validator.src.main.org.apache.commons.validator.routines.UrlValidator_python_partial.json, UrlValidator, 227-229:UrlValidator6, failure, 4
commons-validator.src.main.org.apache.commons.validator.routines.UrlValidator_python_partial.json, UrlValidator, 223-225:UrlValidator5, failure, 4
commons-validator.src.main.org.apache.commons.validator.routines.UrlValidator_python_partial.json, UrlValidator, 219-221:UrlValidator4, failure, 4
commons-validator.src.main.org.apache.commons.validator.routines.UrlValidator_python_partial.json, UrlValidator, 215-217:UrlValidator3, failure, 4
commons-validator.src.main.org.apache.commons.validator.routines.UrlValidator_python_partial.json, UrlValidator, 211-213:UrlValidator2, failure, 4
commons-validator.src.main.org.apache.commons.validator.routines.UrlValidator_python_partial.json, UrlValidator, 202-209:UrlValidator1, failure, 7
commons-validator.src.main.org.apache.commons.validator.routines.UrlValidator_python_partial.json, UrlValidator, 172-200:UrlValidator, failure, 17
commons-validator.src.main.org.apache.commons.validator.routines.UrlValidator_python_partial.json, UrlValidator, 165-167:getInstance, success, 3
commons-validator.src.main.org.apache.commons.validator.routines.UrlValidator_python_partial.json, UrlValidator, 539-541:isOff, failure, 2
commons-validator.src.main.org.apache.commons.validator.routines.UrlValidator_python_partial.json, UrlValidator, 528-530:isOn1, success, 3
commons-validator.src.main.org.apache.commons.validator.routines.UrlValidator_python_partial.json, UrlValidator, 516-518:isOn0, failure, 2
commons-validator.src.main.org.apache.commons.validator.routines.ISSNValidator_python_partial.json, ISSNValidator, 177-201:extractFromEAN13, error, 21
commons-validator.src.main.org.apache.commons.validator.routines.ISSNValidator_python_partial.json, ISSNValidator, 144-165:convertToEAN13, error, 18
commons-validator.src.main.org.apache.commons.validator.routines.ISSNValidator_python_partial.json, ISSNValidator, 130-132:validate, failure, 3
commons-validator.src.main.org.apache.commons.validator.routines.ISSNValidator_python_partial.json, ISSNValidator, 117-119:isValid, failure, 3
commons-validator.src.main.org.apache.commons.validator.routines.ISSNValidator_python_partial.json, ISSNValidator, 107-109:validateEan, failure, 22
commons-validator.src.main.org.apache.commons.validator.routines.ISSNValidator_python_partial.json, ISSNValidator, 94-96:getInstance, success, 3
commons-validator.src.main.org.apache.commons.validator.routines.ShortValidator_python_partial.json, ShortValidator, 229-237:processParsedValue, failure, 7
commons-validator.src.main.org.apache.commons.validator.routines.ShortValidator_python_partial.json, ShortValidator, 216-218:maxValue1, success, 2
commons-validator.src.main.org.apache.commons.validator.routines.ShortValidator_python_partial.json, ShortValidator, 205-207:maxValue0, success, 2
commons-validator.src.main.org.apache.commons.validator.routines.ShortValidator_python_partial.json, ShortValidator, 194-196:minValue1, success, 2
commons-validator.src.main.org.apache.commons.validator.routines.ShortValidator_python_partial.json, ShortValidator, 183-185:minValue0, success, 2
commons-validator.src.main.org.apache.commons.validator.routines.ShortValidator_python_partial.json, ShortValidator, 172-174:isInRange1, success, 2
commons-validator.src.main.org.apache.commons.validator.routines.ShortValidator_python_partial.json, ShortValidator, 160-162:isInRange0, success, 2
commons-validator.src.main.org.apache.commons.validator.routines.ShortValidator_python_partial.json, ShortValidator, 148-150:validate3, failure, 7
commons-validator.src.main.org.apache.commons.validator.routines.ShortValidator_python_partial.json, ShortValidator, 134-136:validate2, failure, 7
commons-validator.src.main.org.apache.commons.validator.routines.ShortValidator_python_partial.json, ShortValidator, 123-125:validate1, failure, 7
commons-validator.src.main.org.apache.commons.validator.routines.ShortValidator_python_partial.json, ShortValidator, 112-114:validate0, failure, 7
commons-validator.src.main.org.apache.commons.validator.routines.ShortValidator_python_partial.json, ShortValidator, 83-85:ShortValidator1, success, 3
commons-validator.src.main.org.apache.commons.validator.routines.ShortValidator_python_partial.json, ShortValidator, 79-81:ShortValidator, error, 2
commons-validator.src.main.org.apache.commons.validator.routines.ShortValidator_python_partial.json, ShortValidator, 74-76:getInstance, success, 3
commons-validator.src.main.org.apache.commons.validator.routines.TimeValidator_python_partial.json, TimeValidator, 267-269:processParsedValue, success, 2
commons-validator.src.main.org.apache.commons.validator.routines.TimeValidator_python_partial.json, TimeValidator, 255-257:compareHours, failure, 3
commons-validator.src.main.org.apache.commons.validator.routines.TimeValidator_python_partial.json, TimeValidator, 243-245:compareMinutes, failure, 3
commons-validator.src.main.org.apache.commons.validator.routines.TimeValidator_python_partial.json, TimeValidator, 231-233:compareSeconds, failure, 30
commons-validator.src.main.org.apache.commons.validator.routines.TimeValidator_python_partial.json, TimeValidator, 219-221:compareTime, failure, 3
commons-validator.src.main.org.apache.commons.validator.routines.TimeValidator_python_partial.json, TimeValidator, 207-209:validate7, failure, 9
commons-validator.src.main.org.apache.commons.validator.routines.TimeValidator_python_partial.json, TimeValidator, 192-194:validate6, failure, 7
commons-validator.src.main.org.apache.commons.validator.routines.TimeValidator_python_partial.json, TimeValidator, 178-180:validate5, failure, 9
commons-validator.src.main.org.apache.commons.validator.routines.TimeValidator_python_partial.json, TimeValidator, 165-167:validate4, failure, 7
commons-validator.src.main.org.apache.commons.validator.routines.TimeValidator_python_partial.json, TimeValidator, 153-155:validate3, failure, 9
commons-validator.src.main.org.apache.commons.validator.routines.TimeValidator_python_partial.json, TimeValidator, 141-143:validate2, failure, 7
commons-validator.src.main.org.apache.commons.validator.routines.TimeValidator_python_partial.json, TimeValidator, 130-132:validate1, failure, 9
commons-validator.src.main.org.apache.commons.validator.routines.TimeValidator_python_partial.json, TimeValidator, 118-120:validate0, failure, 7
commons-validator.src.main.org.apache.commons.validator.routines.TimeValidator_python_partial.json, TimeValidator, 101-103:TimeValidator1, success, 3
commons-validator.src.main.org.apache.commons.validator.routines.TimeValidator_python_partial.json, TimeValidator, 97-99:TimeValidator, error, 2
commons-validator.src.main.org.apache.commons.validator.routines.TimeValidator_python_partial.json, TimeValidator, 92-94:getInstance, success, 3
commons-validator.src.main.org.apache.commons.validator.routines.PercentValidator_python_partial.json, PercentValidator, 96-120:parse, failure, 20
commons-validator.src.main.org.apache.commons.validator.routines.PercentValidator_python_partial.json, PercentValidator, 73-75:PercentValidator1, success, 3
commons-validator.src.main.org.apache.commons.validator.routines.PercentValidator_python_partial.json, PercentValidator, 69-71:PercentValidator, error, 2
commons-validator.src.main.org.apache.commons.validator.routines.PercentValidator_python_partial.json, PercentValidator, 64-66:getInstance, success, 3
commons-validator.src.main.org.apache.commons.validator.routines.LongValidator_python_partial.json, LongValidator, 226-232:processParsedValue, failure, 5
commons-validator.src.main.org.apache.commons.validator.routines.LongValidator_python_partial.json, LongValidator, 214-216:maxValue1, success, 2
commons-validator.src.main.org.apache.commons.validator.routines.LongValidator_python_partial.json, LongValidator, 203-205:maxValue0, success, 2
commons-validator.src.main.org.apache.commons.validator.routines.LongValidator_python_partial.json, LongValidator, 192-194:minValue1, success, 2
commons-validator.src.main.org.apache.commons.validator.routines.LongValidator_python_partial.json, LongValidator, 181-183:minValue0, success, 2
commons-validator.src.main.org.apache.commons.validator.routines.LongValidator_python_partial.json, LongValidator, 170-172:isInRange1, success, 2
commons-validator.src.main.org.apache.commons.validator.routines.LongValidator_python_partial.json, LongValidator, 158-160:isInRange0, success, 2
commons-validator.src.main.org.apache.commons.validator.routines.LongValidator_python_partial.json, LongValidator, 146-148:validate3, failure, 7
commons-validator.src.main.org.apache.commons.validator.routines.LongValidator_python_partial.json, LongValidator, 133-135:validate2, failure, 7
commons-validator.src.main.org.apache.commons.validator.routines.LongValidator_python_partial.json, LongValidator, 122-124:validate1, failure, 7
commons-validator.src.main.org.apache.commons.validator.routines.LongValidator_python_partial.json, LongValidator, 111-113:validate0, failure, 7
commons-validator.src.main.org.apache.commons.validator.routines.LongValidator_python_partial.json, LongValidator, 82-84:LongValidator1, success, 3
commons-validator.src.main.org.apache.commons.validator.routines.LongValidator_python_partial.json, LongValidator, 78-80:LongValidator, error, 2
commons-validator.src.main.org.apache.commons.validator.routines.LongValidator_python_partial.json, LongValidator, 73-75:getInstance, success, 3
commons-validator.src.main.org.apache.commons.validator.routines.ByteValidator_python_partial.json, ByteValidator, 228-237:processParsedValue, failure, 7
commons-validator.src.main.org.apache.commons.validator.routines.ByteValidator_python_partial.json, ByteValidator, 215-217:maxValue1, success, 2
commons-validator.src.main.org.apache.commons.validator.routines.ByteValidator_python_partial.json, ByteValidator, 204-206:maxValue0, success, 2
commons-validator.src.main.org.apache.commons.validator.routines.ByteValidator_python_partial.json, ByteValidator, 193-195:minValue1, success, 2
commons-validator.src.main.org.apache.commons.validator.routines.ByteValidator_python_partial.json, ByteValidator, 182-184:minValue0, success, 2
commons-validator.src.main.org.apache.commons.validator.routines.ByteValidator_python_partial.json, ByteValidator, 171-173:isInRange1, success, 2
commons-validator.src.main.org.apache.commons.validator.routines.ByteValidator_python_partial.json, ByteValidator, 159-161:isInRange0, success, 2
commons-validator.src.main.org.apache.commons.validator.routines.ByteValidator_python_partial.json, ByteValidator, 147-149:validate3, failure, 7
commons-validator.src.main.org.apache.commons.validator.routines.ByteValidator_python_partial.json, ByteValidator, 134-136:validate2, failure, 7
commons-validator.src.main.org.apache.commons.validator.routines.ByteValidator_python_partial.json, ByteValidator, 123-125:validate1, failure, 7
commons-validator.src.main.org.apache.commons.validator.routines.ByteValidator_python_partial.json, ByteValidator, 112-114:validate0, failure, 7
commons-validator.src.main.org.apache.commons.validator.routines.ByteValidator_python_partial.json, ByteValidator, 83-85:ByteValidator1, success, 3
commons-validator.src.main.org.apache.commons.validator.routines.ByteValidator_python_partial.json, ByteValidator, 79-81:ByteValidator, error, 2
commons-validator.src.main.org.apache.commons.validator.routines.ByteValidator_python_partial.json, ByteValidator, 74-76:getInstance, success, 3
commons-validator.src.main.org.apache.commons.validator.routines.CalendarValidator_python_partial.json, CalendarValidator, 315-317:processParsedValue, success, 2
commons-validator.src.main.org.apache.commons.validator.routines.CalendarValidator_python_partial.json, CalendarValidator, 303-305:compareYears, failure, 3
commons-validator.src.main.org.apache.commons.validator.routines.CalendarValidator_python_partial.json, CalendarValidator, 291-293:compareQuarters1, failure, 10
commons-validator.src.main.org.apache.commons.validator.routines.CalendarValidator_python_partial.json, CalendarValidator, 278-280:compareQuarters0, success, 3
commons-validator.src.main.org.apache.commons.validator.routines.CalendarValidator_python_partial.json, CalendarValidator, 266-268:compareMonths, failure, 6
commons-validator.src.main.org.apache.commons.validator.routines.CalendarValidator_python_partial.json, CalendarValidator, 254-256:compareWeeks, failure, 3
commons-validator.src.main.org.apache.commons.validator.routines.CalendarValidator_python_partial.json, CalendarValidator, 242-244:compareDates, failure, 3
commons-validator.src.main.org.apache.commons.validator.routines.CalendarValidator_python_partial.json, CalendarValidator, 220-232:adjustToTimeZone, failure, 12
commons-validator.src.main.org.apache.commons.validator.routines.CalendarValidator_python_partial.json, CalendarValidator, 210-212:validate7, failure, 9
commons-validator.src.main.org.apache.commons.validator.routines.CalendarValidator_python_partial.json, CalendarValidator, 195-197:validate6, failure, 7
commons-validator.src.main.org.apache.commons.validator.routines.CalendarValidator_python_partial.json, CalendarValidator, 181-183:validate5, failure, 9
commons-validator.src.main.org.apache.commons.validator.routines.CalendarValidator_python_partial.json, CalendarValidator, 168-170:validate4, failure, 7
commons-validator.src.main.org.apache.commons.validator.routines.CalendarValidator_python_partial.json, CalendarValidator, 156-158:validate3, failure, 9
commons-validator.src.main.org.apache.commons.validator.routines.CalendarValidator_python_partial.json, CalendarValidator, 143-145:validate2, failure, 7
commons-validator.src.main.org.apache.commons.validator.routines.CalendarValidator_python_partial.json, CalendarValidator, 131-133:validate1, failure, 9
commons-validator.src.main.org.apache.commons.validator.routines.CalendarValidator_python_partial.json, CalendarValidator, 119-121:validate0, failure, 7
commons-validator.src.main.org.apache.commons.validator.routines.CalendarValidator_python_partial.json, CalendarValidator, 101-103:CalendarValidator1, success, 3
commons-validator.src.main.org.apache.commons.validator.routines.CalendarValidator_python_partial.json, CalendarValidator, 97-99:CalendarValidator, error, 2
commons-validator.src.main.org.apache.commons.validator.routines.CalendarValidator_python_partial.json, CalendarValidator, 92-94:getInstance, success, 3
commons-validator.src.main.org.apache.commons.validator.ValidatorResults_python_partial.json, ValidatorResults, 118-136:getResultValueMap, success, 13
commons-validator.src.main.org.apache.commons.validator.ValidatorResults_python_partial.json, ValidatorResults, 109-111:getPropertyNames, success, 2
commons-validator.src.main.org.apache.commons.validator.ValidatorResults_python_partial.json, ValidatorResults, 100-102:getValidatorResult, success, 2
commons-validator.src.main.org.apache.commons.validator.ValidatorResults_python_partial.json, ValidatorResults, 89-91:isEmpty, success, 2
commons-validator.src.main.org.apache.commons.validator.ValidatorResults_python_partial.json, ValidatorResults, 79-81:clear, success, 2
commons-validator.src.main.org.apache.commons.validator.ValidatorResults_python_partial.json, ValidatorResults, 66-76:add1, success, 8
commons-validator.src.main.org.apache.commons.validator.ValidatorResults_python_partial.json, ValidatorResults, 54-56:add0, success, 2
commons-validator.src.main.org.apache.commons.validator.ValidatorResults_python_partial.json, ValidatorResults, 43-45:merge, success, 2
commons-validator.src.main.org.apache.commons.validator.ValidatorAction_python_partial.json, ValidatorAction, 482-488:toString, success, 2
commons-validator.src.main.org.apache.commons.validator.ValidatorAction_python_partial.json, ValidatorAction, 472-474:getDependencyList, success, 2
commons-validator.src.main.org.apache.commons.validator.ValidatorAction_python_partial.json, ValidatorAction, 463-465:isDependency, success, 2
commons-validator.src.main.org.apache.commons.validator.ValidatorAction_python_partial.json, ValidatorAction, 354-379:loadJavascriptFunction, success, 20
commons-validator.src.main.org.apache.commons.validator.ValidatorAction_python_partial.json, ValidatorAction, 341-343:init, success, 3
commons-validator.src.main.org.apache.commons.validator.ValidatorAction_python_partial.json, ValidatorAction, 331-338:setJavascript, success, 7
commons-validator.src.main.org.apache.commons.validator.ValidatorAction_python_partial.json, ValidatorAction, 322-324:getJavascript, success, 2
commons-validator.src.main.org.apache.commons.validator.ValidatorAction_python_partial.json, ValidatorAction, 308-315:setJsFunction, success, 7
commons-validator.src.main.org.apache.commons.validator.ValidatorAction_python_partial.json, ValidatorAction, 277-279:setJsFunctionName, success, 2
commons-validator.src.main.org.apache.commons.validator.ValidatorAction_python_partial.json, ValidatorAction, 267-269:getJsFunctionName, success, 2
commons-validator.src.main.org.apache.commons.validator.ValidatorAction_python_partial.json, ValidatorAction, 257-259:setMsg, success, 2
commons-validator.src.main.org.apache.commons.validator.ValidatorAction_python_partial.json, ValidatorAction, 248-250:getMsg, success, 2
commons-validator.src.main.org.apache.commons.validator.ValidatorAction_python_partial.json, ValidatorAction, 228-241:setDepends, success, 12
commons-validator.src.main.org.apache.commons.validator.ValidatorAction_python_partial.json, ValidatorAction, 219-221:getDepends, success, 2
commons-validator.src.main.org.apache.commons.validator.ValidatorAction_python_partial.json, ValidatorAction, 199-212:setMethodParams, success, 12
commons-validator.src.main.org.apache.commons.validator.ValidatorAction_python_partial.json, ValidatorAction, 190-192:getMethodParams, success, 2
commons-validator.src.main.org.apache.commons.validator.ValidatorAction_python_partial.json, ValidatorAction, 181-183:setMethod, success, 2
commons-validator.src.main.org.apache.commons.validator.ValidatorAction_python_partial.json, ValidatorAction, 172-174:getMethod, success, 2
commons-validator.src.main.org.apache.commons.validator.ValidatorAction_python_partial.json, ValidatorAction, 163-165:setClassname, success, 2
commons-validator.src.main.org.apache.commons.validator.ValidatorAction_python_partial.json, ValidatorAction, 154-156:getClassname, success, 2
commons-validator.src.main.org.apache.commons.validator.ValidatorAction_python_partial.json, ValidatorAction, 145-147:setName, success, 2
commons-validator.src.main.org.apache.commons.validator.ValidatorAction_python_partial.json, ValidatorAction, 136-138:getName, success, 2
commons-validator.src.main.org.apache.commons.validator.ValidatorAction_python_partial.json, ValidatorAction, 664-669:getLog, success, 2
commons-validator.src.main.org.apache.commons.validator.ValidatorAction_python_partial.json, ValidatorAction, 651-654:onlyReturnErrors, success, 3
commons-validator.src.main.org.apache.commons.validator.ValidatorAction_python_partial.json, ValidatorAction, 645-648:getClassLoader, success, 7
commons-validator.src.main.org.apache.commons.validator.ValidatorAction_python_partial.json, ValidatorAction, 636-642:isValid, success, 4
commons-validator.src.main.org.apache.commons.validator.ValidatorAction_python_partial.json, ValidatorAction, 591-621:getValidationClassInstance, success, 14
commons-validator.src.main.org.apache.commons.validator.ValidatorAction_python_partial.json, ValidatorAction, 575-585:getParameterValues, success, 9
commons-validator.src.main.org.apache.commons.validator.ValidatorAction_python_partial.json, ValidatorAction, 546-566:loadParameterClasses, success, 17
commons-validator.src.main.org.apache.commons.validator.ValidatorAction_python_partial.json, ValidatorAction, 526-537:loadValidationClass, success, 9
commons-validator.src.main.org.apache.commons.validator.ValidatorAction_python_partial.json, ValidatorAction, 506-518:loadValidationMethod, success, 10
commons-validator.src.main.org.apache.commons.validator.ValidatorAction_python_partial.json, ValidatorAction, 447-455:generateJsFunction, success, 7
commons-validator.src.main.org.apache.commons.validator.ValidatorAction_python_partial.json, ValidatorAction, 442-444:javascriptAlreadyLoaded, success, 2
commons-validator.src.main.org.apache.commons.validator.ValidatorAction_python_partial.json, ValidatorAction, 429-437:formatJavascriptFileName, success, 8
commons-validator.src.main.org.apache.commons.validator.ValidatorAction_python_partial.json, ValidatorAction, 387-424:readJavascriptFile, success, 32
commons-validator.src.main.org.apache.commons.validator.ISBNValidator_python_partial.json, ISBNValidator, 46-49:isValid, failure, 3
commons-validator.src.main.org.apache.commons.validator.ISBNValidator_python_partial.json, ISBNValidator, 34-36:ISBNValidator, success, 2
commons-validator.src.main.org.apache.commons.validator.routines.ISBNValidator_python_partial.json, ISBNValidator, 242-263:convertToISBN13, error, 18
commons-validator.src.main.org.apache.commons.validator.routines.ISBNValidator_python_partial.json, ISBNValidator, 229-232:validateISBN13, success, 4
commons-validator.src.main.org.apache.commons.validator.routines.ISBNValidator_python_partial.json, ISBNValidator, 215-218:validateISBN10, success, 4
commons-validator.src.main.org.apache.commons.validator.routines.ISBNValidator_python_partial.json, ISBNValidator, 195-204:validate, success, 8
commons-validator.src.main.org.apache.commons.validator.routines.ISBNValidator_python_partial.json, ISBNValidator, 180-182:isValidISBN13, success, 3
commons-validator.src.main.org.apache.commons.validator.routines.ISBNValidator_python_partial.json, ISBNValidator, 170-172:isValidISBN10, success, 3
commons-validator.src.main.org.apache.commons.validator.routines.ISBNValidator_python_partial.json, ISBNValidator, 160-162:isValid, success, 3
commons-validator.src.main.org.apache.commons.validator.routines.ISBNValidator_python_partial.json, ISBNValidator, 143-145:ISBNValidator1, success, 3
commons-validator.src.main.org.apache.commons.validator.routines.ISBNValidator_python_partial.json, ISBNValidator, 139-141:ISBNValidator, success, 2
commons-validator.src.main.org.apache.commons.validator.routines.ISBNValidator_python_partial.json, ISBNValidator, 134-136:getInstance1, success, 3
commons-validator.src.main.org.apache.commons.validator.routines.ISBNValidator_python_partial.json, ISBNValidator, 122-124:getInstance0, success, 3
commons-validator.src.main.org.apache.commons.validator.CreditCardValidator_python_partial.json, CreditCardType, 197-197:matches, success, 4
commons-validator.src.main.org.apache.commons.validator.CreditCardValidator_python_partial.json, Amex, 215-218:matches, failure, 3
commons-validator.src.main.org.apache.commons.validator.CreditCardValidator_python_partial.json, Discover, 225-227:matches, failure, 2
commons-validator.src.main.org.apache.commons.validator.CreditCardValidator_python_partial.json, Mastercard, 234-237:matches, failure, 3
commons-validator.src.main.org.apache.commons.validator.CreditCardValidator_python_partial.json, Visa, 205-208:matches, failure, 2
commons-validator.src.main.org.apache.commons.validator.CreditCardValidator_python_partial.json, CreditCardValidator, 155-177:luhnCheck, success, 18
commons-validator.src.main.org.apache.commons.validator.CreditCardValidator_python_partial.json, CreditCardValidator, 145-147:addAllowedCardType, success, 2
commons-validator.src.main.org.apache.commons.validator.CreditCardValidator_python_partial.json, CreditCardValidator, 120-137:isValid, success, 13
commons-validator.src.main.org.apache.commons.validator.CreditCardValidator_python_partial.json, CreditCardValidator, 103-105:CreditCardValidator1, success, 3
commons-validator.src.main.org.apache.commons.validator.CreditCardValidator_python_partial.json, CreditCardValidator, 82-101:CreditCardValidator, failure, 15
commons-validator.src.main.org.apache.commons.validator.routines.CreditCardValidator_python_partial.json, CreditCardRange, 108-123:CreditCardRange, failure, 13
commons-validator.src.main.org.apache.commons.validator.routines.CreditCardValidator_python_partial.json, CreditCardValidator, 467-508:createRangeValidator, failure, 1
commons-validator.src.main.org.apache.commons.validator.routines.CreditCardValidator_python_partial.json, CreditCardValidator, 455-465:validLength, failure, 9
commons-validator.src.main.org.apache.commons.validator.routines.CreditCardValidator_python_partial.json, CreditCardValidator, 441-453:validate, success, 12
commons-validator.src.main.org.apache.commons.validator.routines.CreditCardValidator_python_partial.json, CreditCardValidator, 423-433:isValid, success, 8
commons-validator.src.main.org.apache.commons.validator.routines.CreditCardValidator_python_partial.json, CreditCardValidator, 413-415:genericCreditCardValidator2, success, 4
commons-validator.src.main.org.apache.commons.validator.routines.CreditCardValidator_python_partial.json, CreditCardValidator, 402-404:genericCreditCardValidator1, success, 4
commons-validator.src.main.org.apache.commons.validator.routines.CreditCardValidator_python_partial.json, CreditCardValidator, 384-392:genericCreditCardValidator0, failure, 18
commons-validator.src.main.org.apache.commons.validator.routines.CreditCardValidator_python_partial.json, CreditCardValidator, 293-348:CreditCardValidator, error, 43
commons-validator.src.main.org.apache.commons.validator.routines.CreditCardValidator_python_partial.json, CreditCardValidator, 283-285:CreditCardValidator0, success, 3
commons-validator.src.main.org.apache.commons.validator.routines.CreditCardValidator_python_partial.json, CreditCardValidator, 518-520:isOn, failure, 2
commons-validator.src.main.org.apache.commons.validator.GenericTypeValidator_python_partial.json, GenericTypeValidator, 451-453:formatCreditCard, success, 3
commons-validator.src.main.org.apache.commons.validator.GenericTypeValidator_python_partial.json, GenericTypeValidator, 407-440:formatDate1, success, 22
commons-validator.src.main.org.apache.commons.validator.GenericTypeValidator_python_partial.json, GenericTypeValidator, 351-392:formatDate0, success, 37
commons-validator.src.main.org.apache.commons.validator.GenericTypeValidator_python_partial.json, GenericTypeValidator, 317-339:formatDouble1, success, 17
commons-validator.src.main.org.apache.commons.validator.GenericTypeValidator_python_partial.json, GenericTypeValidator, 298-308:formatDouble0, success, 10
commons-validator.src.main.org.apache.commons.validator.GenericTypeValidator_python_partial.json, GenericTypeValidator, 268-290:formatFloat1, success, 17
commons-validator.src.main.org.apache.commons.validator.GenericTypeValidator_python_partial.json, GenericTypeValidator, 249-259:formatFloat0, success, 10
commons-validator.src.main.org.apache.commons.validator.GenericTypeValidator_python_partial.json, GenericTypeValidator, 218-241:formatLong1, success, 19
commons-validator.src.main.org.apache.commons.validator.GenericTypeValidator_python_partial.json, GenericTypeValidator, 199-209:formatLong0, success, 10
commons-validator.src.main.org.apache.commons.validator.GenericTypeValidator_python_partial.json, GenericTypeValidator, 168-191:formatInt1, success, 19
commons-validator.src.main.org.apache.commons.validator.GenericTypeValidator_python_partial.json, GenericTypeValidator, 149-159:formatInt0, success, 10
commons-validator.src.main.org.apache.commons.validator.GenericTypeValidator_python_partial.json, GenericTypeValidator, 118-141:formatShort1, success, 19
commons-validator.src.main.org.apache.commons.validator.GenericTypeValidator_python_partial.json, GenericTypeValidator, 99-109:formatShort0, success, 10
commons-validator.src.main.org.apache.commons.validator.GenericTypeValidator_python_partial.json, GenericTypeValidator, 68-91:formatByte1, success, 19
commons-validator.src.main.org.apache.commons.validator.GenericTypeValidator_python_partial.json, GenericTypeValidator, 49-59:formatByte0, success, 10
