commons-fileupload.src.main.org.apache.commons.fileupload.FileItemHeaders_python_partial.json, FileItemHeaders, 61-61:getHeaderNames, success, 2
commons-fileupload.src.main.org.apache.commons.fileupload.FileItemHeaders_python_partial.json, FileItemHeaders, 53-53:getHeaders, success, 2
commons-fileupload.src.main.org.apache.commons.fileupload.FileItemHeaders_python_partial.json, FileItemHeaders, 40-40:getHeader, success, 2
commons-fileupload.src.main.org.apache.commons.fileupload.util.mime.QuotedPrintableDecoder_python_partial.json, QuotedPrintableDecoder, 44-82:decode, failure, 38
commons-fileupload.src.main.org.apache.commons.fileupload.util.mime.QuotedPrintableDecoder_python_partial.json, QuotedPrintableDecoder, 91-97:hexToBinary, failure, 8
commons-fileupload.src.main.org.apache.commons.fileupload.util.mime.QuotedPrintableDecoder_python_partial.json, QuotedPrintableDecoder, 34-34:QuotedPrintableDecoder, success, 2
commons-fileupload.src.main.org.apache.commons.fileupload.util.mime.ParseException_python_partial.json, ParseException, 32-34:ParseException, success, 2
commons-fileupload.src.main.org.apache.commons.fileupload.util.mime.Base64Decoder_python_partial.json, Base64Decoder, 138-181:decode, failure, 41
commons-fileupload.src.main.org.apache.commons.fileupload.util.mime.Base64Decoder_python_partial.json, Base64Decoder, 127-127:Base64Decoder, success, 13
commons-fileupload.src.main.org.apache.commons.fileupload.FileItemHeadersSupport_python_partial.json, FileItemHeadersSupport, 43-43:setHeaders, success, 2
commons-fileupload.src.main.org.apache.commons.fileupload.FileItemHeadersSupport_python_partial.json, FileItemHeadersSupport, 34-34:getHeaders, success, 2
commons-fileupload.src.main.org.apache.commons.fileupload.util.mime.MimeUtility_python_partial.json, MimeUtility, 79-145:decodeText, success, 58
commons-fileupload.src.main.org.apache.commons.fileupload.util.mime.MimeUtility_python_partial.json, MimeUtility, 216-226:javaCharset, failure, 9
commons-fileupload.src.main.org.apache.commons.fileupload.util.mime.MimeUtility_python_partial.json, MimeUtility, 158-208:decodeWord, failure, 43
commons-fileupload.src.main.org.apache.commons.fileupload.util.mime.MimeUtility_python_partial.json, MimeUtility, 68-68:MimeUtility, success, 9
commons-fileupload.src.main.org.apache.commons.fileupload.FileItem_python_partial.json, FileItem, 175-175:getOutputStream, success, 8
commons-fileupload.src.main.org.apache.commons.fileupload.FileItem_python_partial.json, FileItem, 165-165:setFormField, success, 2
commons-fileupload.src.main.org.apache.commons.fileupload.FileItem_python_partial.json, FileItem, 157-157:isFormField, success, 2
commons-fileupload.src.main.org.apache.commons.fileupload.FileItem_python_partial.json, FileItem, 149-149:setFieldName, success, 2
commons-fileupload.src.main.org.apache.commons.fileupload.FileItem_python_partial.json, FileItem, 142-142:getFieldName, success, 2
commons-fileupload.src.main.org.apache.commons.fileupload.FileItem_python_partial.json, FileItem, 135-135:delete, success, 15
commons-fileupload.src.main.org.apache.commons.fileupload.FileItem_python_partial.json, FileItem, 127-127:write, success, 9
commons-fileupload.src.main.org.apache.commons.fileupload.FileItem_python_partial.json, FileItem, 113-113:getString1, success, 12
commons-fileupload.src.main.org.apache.commons.fileupload.FileItem_python_partial.json, FileItem, 105-105:getString0, success, 7
commons-fileupload.src.main.org.apache.commons.fileupload.FileItem_python_partial.json, FileItem, 95-95:get, success, 2
commons-fileupload.src.main.org.apache.commons.fileupload.FileItem_python_partial.json, FileItem, 88-88:getSize, success, 2
commons-fileupload.src.main.org.apache.commons.fileupload.FileItem_python_partial.json, FileItem, 81-81:isInMemory, success, 2
commons-fileupload.src.main.org.apache.commons.fileupload.FileItem_python_partial.json, FileItem, 73-73:getName, success, 2
commons-fileupload.src.main.org.apache.commons.fileupload.FileItem_python_partial.json, FileItem, 61-61:getContentType, success, 4
commons-fileupload.src.main.org.apache.commons.fileupload.FileItem_python_partial.json, FileItem, 54-54:getInputStream, success, 7
commons-fileupload.src.main.org.apache.commons.fileupload.InvalidFileNameException_python_partial.json, InvalidFileNameException, 50-52:getName, success, 2
commons-fileupload.src.main.org.apache.commons.fileupload.InvalidFileNameException_python_partial.json, InvalidFileNameException, 40-43:InvalidFileNameException, error, 3
commons-fileupload.src.main.org.apache.commons.fileupload.util.FileItemHeadersImpl_python_partial.json, FileItemHeadersImpl, 63-70:getHeaders, failure, 6
commons-fileupload.src.main.org.apache.commons.fileupload.util.FileItemHeadersImpl_python_partial.json, FileItemHeadersImpl, 57-59:getHeaderNames, failure, 2
commons-fileupload.src.main.org.apache.commons.fileupload.util.FileItemHeadersImpl_python_partial.json, FileItemHeadersImpl, 46-53:getHeader, success, 7
commons-fileupload.src.main.org.apache.commons.fileupload.util.FileItemHeadersImpl_python_partial.json, FileItemHeadersImpl, 78-86:addHeader, success, 8
commons-fileupload.src.main.org.apache.commons.fileupload.RequestContext_python_partial.json, RequestContext, 60-60:getInputStream, success, 11
commons-fileupload.src.main.org.apache.commons.fileupload.RequestContext_python_partial.json, RequestContext, 52-52:getContentLength, success, 4
commons-fileupload.src.main.org.apache.commons.fileupload.RequestContext_python_partial.json, RequestContext, 43-43:getContentType, success, 2
commons-fileupload.src.main.org.apache.commons.fileupload.RequestContext_python_partial.json, RequestContext, 36-36:getCharacterEncoding, success, 6
commons-fileupload.src.main.org.apache.commons.fileupload.ProgressListener_python_partial.json, ProgressListener, 31-31:update, success, 2
commons-fileupload.src.main.org.apache.commons.fileupload.ParameterParser_python_partial.json, ParameterParser, 250-289:parse3, failure, 34
commons-fileupload.src.main.org.apache.commons.fileupload.ParameterParser_python_partial.json, ParameterParser, 233-238:parse2, failure, 5
commons-fileupload.src.main.org.apache.commons.fileupload.ParameterParser_python_partial.json, ParameterParser, 218-223:parse1, failure, 5
commons-fileupload.src.main.org.apache.commons.fileupload.ParameterParser_python_partial.json, ParameterParser, 193-209:parse0, failure, 13
commons-fileupload.src.main.org.apache.commons.fileupload.ParameterParser_python_partial.json, ParameterParser, 181-183:setLowerCaseNames, success, 2
commons-fileupload.src.main.org.apache.commons.fileupload.ParameterParser_python_partial.json, ParameterParser, 170-172:isLowerCaseNames, success, 2
commons-fileupload.src.main.org.apache.commons.fileupload.ParameterParser_python_partial.json, ParameterParser, 55-57:ParameterParser, failure, 7
commons-fileupload.src.main.org.apache.commons.fileupload.ParameterParser_python_partial.json, ParameterParser, 142-161:parseQuotedToken, failure, 17
commons-fileupload.src.main.org.apache.commons.fileupload.ParameterParser_python_partial.json, ParameterParser, 119-132:parseToken, failure, 9
commons-fileupload.src.main.org.apache.commons.fileupload.ParameterParser_python_partial.json, ParameterParser, 101-110:isOneOf, failure, 2
commons-fileupload.src.main.org.apache.commons.fileupload.ParameterParser_python_partial.json, ParameterParser, 75-91:getToken, failure, 17
commons-fileupload.src.main.org.apache.commons.fileupload.ParameterParser_python_partial.json, ParameterParser, 64-66:hasChar, failure, 2
commons-fileupload.src.main.org.apache.commons.fileupload.FileUploadException_python_partial.json, FileUploadException, 87-89:getCause, success, 2
commons-fileupload.src.main.org.apache.commons.fileupload.FileUploadException_python_partial.json, FileUploadException, 77-83:printStackTrace1, success, 6
commons-fileupload.src.main.org.apache.commons.fileupload.FileUploadException_python_partial.json, FileUploadException, 64-70:printStackTrace0, success, 8
commons-fileupload.src.main.org.apache.commons.fileupload.FileUploadException_python_partial.json, FileUploadException, 54-57:FileUploadException, success, 3
commons-fileupload.src.main.org.apache.commons.fileupload.FileUploadException_python_partial.json, FileUploadException, 44-46:FileUploadException1, success, 3
commons-fileupload.src.main.org.apache.commons.fileupload.FileUploadException_python_partial.json, FileUploadException, 35-37:FileUploadException0, success, 3
commons-fileupload.src.main.org.apache.commons.fileupload.FileItemFactory_python_partial.json, FileItemFactory, 37-37:createItem, success, 7
commons-fileupload.src.main.org.apache.commons.fileupload.util.Streams_python_partial.json, Streams, 97-114:checkFileName, success, 12
commons-fileupload.src.main.org.apache.commons.fileupload.util.Streams_python_partial.json, Streams, 28-28:Streams, success, 2
commons-fileupload.src.main.org.apache.commons.fileupload.util.Closeable_python_partial.json, Closeable, 37-37:isClosed, success, 7
commons-fileupload.src.main.org.apache.commons.fileupload.util.Closeable_python_partial.json, Closeable, 29-29:close, success, 8
commons-fileupload.src.main.org.apache.commons.fileupload.FileItemStream_python_partial.json, FileItemStream, 91-91:isFormField, success, 2
commons-fileupload.src.main.org.apache.commons.fileupload.FileItemStream_python_partial.json, FileItemStream, 83-83:getFieldName, success, 2
commons-fileupload.src.main.org.apache.commons.fileupload.FileItemStream_python_partial.json, FileItemStream, 76-76:getName, success, 2
commons-fileupload.src.main.org.apache.commons.fileupload.FileItemStream_python_partial.json, FileItemStream, 67-67:getContentType, success, 2
commons-fileupload.src.main.org.apache.commons.fileupload.FileItemStream_python_partial.json, FileItemStream, 60-60:openStream, success, 8
commons-fileupload.src.main.org.apache.commons.fileupload.FileUploadBase_python_partial.json, FileUploadIOException, 726-728:getCause, success, 2
commons-fileupload.src.main.org.apache.commons.fileupload.FileUploadBase_python_partial.json, FileUploadIOException, 716-718:FileUploadIOException, success, 2
commons-fileupload.src.main.org.apache.commons.fileupload.FileUploadBase_python_partial.json, IOFileUploadException, 787-789:getCause, success, 2
commons-fileupload.src.main.org.apache.commons.fileupload.FileUploadBase_python_partial.json, IOFileUploadException, 776-779:IOFileUploadException, error, 3
commons-fileupload.src.main.org.apache.commons.fileupload.FileUploadBase_python_partial.json, FileItemStreamImpl, 629-631:setHeaders, error, 2
commons-fileupload.src.main.org.apache.commons.fileupload.FileUploadBase_python_partial.json, FileItemStreamImpl, 620-622:getHeaders, error, 2
commons-fileupload.src.main.org.apache.commons.fileupload.FileUploadBase_python_partial.json, FileItemIteratorImpl, 669-675:getContentLength, error, 5
commons-fileupload.src.main.org.apache.commons.fileupload.FileUploadBase_python_partial.json, SizeException, 833-835:getPermittedSize, success, 2
commons-fileupload.src.main.org.apache.commons.fileupload.FileUploadBase_python_partial.json, SizeException, 823-825:getActualSize, success, 2
commons-fileupload.src.main.org.apache.commons.fileupload.FileUploadBase_python_partial.json, SizeException, 811-815:SizeException, error, 4
commons-fileupload.src.main.org.apache.commons.fileupload.FileUploadBase_python_partial.json, InvalidContentTypeException, 753-755:InvalidContentTypeException, error, 2
commons-fileupload.src.main.org.apache.commons.fileupload.FileUploadBase_python_partial.json, UnknownSizeException, 858-860:UnknownSizeException, error, 2
commons-fileupload.src.main.org.apache.commons.fileupload.FileUploadBase_python_partial.json, SizeLimitExceededException, 882-884:SizeLimitExceededException1, success, 3
commons-fileupload.src.main.org.apache.commons.fileupload.FileUploadBase_python_partial.json, SizeLimitExceededException, 873-875:SizeLimitExceededException0, success, 3
commons-fileupload.src.main.org.apache.commons.fileupload.FileUploadBase_python_partial.json, SizeLimitExceededException, 894-896:SizeLimitExceededException, error, 2
commons-fileupload.src.main.org.apache.commons.fileupload.FileUploadBase_python_partial.json, FileSizeLimitExceededException, 955-957:setFieldName, success, 2
commons-fileupload.src.main.org.apache.commons.fileupload.FileUploadBase_python_partial.json, FileSizeLimitExceededException, 946-948:getFieldName, success, 2
commons-fileupload.src.main.org.apache.commons.fileupload.FileUploadBase_python_partial.json, FileSizeLimitExceededException, 937-939:setFileName, success, 2
commons-fileupload.src.main.org.apache.commons.fileupload.FileUploadBase_python_partial.json, FileSizeLimitExceededException, 928-930:getFileName, success, 2
commons-fileupload.src.main.org.apache.commons.fileupload.FileUploadBase_python_partial.json, FileSizeLimitExceededException, 919-921:FileSizeLimitExceededException, error, 2
commons-fileupload.src.main.org.apache.commons.fileupload.FileUploadBase_python_partial.json, FileUploadBase, 536-538:getHeader, success, 2
commons-fileupload.src.main.org.apache.commons.fileupload.FileUploadBase_python_partial.json, FileUploadBase, 472-485:parseHeaders, success, 14
commons-fileupload.src.main.org.apache.commons.fileupload.FileUploadBase_python_partial.json, FileUploadBase, 401-409:createItem, success, 7
commons-fileupload.src.main.org.apache.commons.fileupload.FileUploadBase_python_partial.json, FileUploadBase, 386-388:getFieldName2, success, 2
commons-fileupload.src.main.org.apache.commons.fileupload.FileUploadBase_python_partial.json, FileUploadBase, 306-308:getFileName0, success, 2
commons-fileupload.src.main.org.apache.commons.fileupload.FileUploadBase_python_partial.json, FileUploadBase, 974-976:setProgressListener, success, 2
commons-fileupload.src.main.org.apache.commons.fileupload.FileUploadBase_python_partial.json, FileUploadBase, 965-967:getProgressListener, success, 2
commons-fileupload.src.main.org.apache.commons.fileupload.FileUploadBase_python_partial.json, FileUploadBase, 457-459:newFileItemHeaders, success, 2
commons-fileupload.src.main.org.apache.commons.fileupload.FileUploadBase_python_partial.json, FileUploadBase, 420-450:getParsedHeaders, success, 25
commons-fileupload.src.main.org.apache.commons.fileupload.FileUploadBase_python_partial.json, FileUploadBase, 353-355:getFieldName0, success, 2
commons-fileupload.src.main.org.apache.commons.fileupload.FileUploadBase_python_partial.json, FileUploadBase, 316-318:getFileName1, success, 2
commons-fileupload.src.main.org.apache.commons.fileupload.FileUploadBase_python_partial.json, FileUploadBase, 280-296:getBoundary, success, 14
commons-fileupload.src.main.org.apache.commons.fileupload.FileUploadBase_python_partial.json, FileUploadBase, 222-224:setHeaderEncoding, success, 2
commons-fileupload.src.main.org.apache.commons.fileupload.FileUploadBase_python_partial.json, FileUploadBase, 211-213:getHeaderEncoding, success, 2
commons-fileupload.src.main.org.apache.commons.fileupload.FileUploadBase_python_partial.json, FileUploadBase, 200-202:setFileCountMax, success, 2
commons-fileupload.src.main.org.apache.commons.fileupload.FileUploadBase_python_partial.json, FileUploadBase, 191-193:getFileCountMax, success, 2
commons-fileupload.src.main.org.apache.commons.fileupload.FileUploadBase_python_partial.json, FileUploadBase, 182-184:setFileSizeMax, success, 2
commons-fileupload.src.main.org.apache.commons.fileupload.FileUploadBase_python_partial.json, FileUploadBase, 172-174:getFileSizeMax, success, 2
commons-fileupload.src.main.org.apache.commons.fileupload.FileUploadBase_python_partial.json, FileUploadBase, 161-163:setSizeMax, success, 2
commons-fileupload.src.main.org.apache.commons.fileupload.FileUploadBase_python_partial.json, FileUploadBase, 149-151:getSizeMax, success, 2
commons-fileupload.src.main.org.apache.commons.fileupload.FileUploadBase_python_partial.json, FileUploadBase, 51-60:isMultipartContent, success, 8
commons-fileupload.src.main.org.apache.commons.fileupload.FileUploadBase_python_partial.json, FileUploadBase, 515-523:parseHeaderLine, success, 8
commons-fileupload.src.main.org.apache.commons.fileupload.FileUploadBase_python_partial.json, FileUploadBase, 494-507:parseEndOfLine, success, 11
commons-fileupload.src.main.org.apache.commons.fileupload.FileUploadBase_python_partial.json, FileUploadBase, 363-376:getFieldName1, success, 11
commons-fileupload.src.main.org.apache.commons.fileupload.FileUploadBase_python_partial.json, FileUploadBase, 326-345:getFileName2, success, 16
commons-fileupload.src.main.org.apache.commons.fileupload.FileUploadBase_python_partial.json, FileUploadBase, 139-139:setFileItemFactory, success, 2
commons-fileupload.src.main.org.apache.commons.fileupload.FileUploadBase_python_partial.json, FileUploadBase, 132-132:getFileItemFactory, success, 2
commons-fileupload.src.main.org.apache.commons.fileupload.disk.DiskFileItem_python_partial.json, DiskFileItem, 390-392:setDefaultCharset, success, 2
commons-fileupload.src.main.org.apache.commons.fileupload.disk.DiskFileItem_python_partial.json, DiskFileItem, 380-382:getDefaultCharset, success, 2
commons-fileupload.src.main.org.apache.commons.fileupload.disk.DiskFileItem_python_partial.json, DiskFileItem, 370-372:setHeaders, success, 2
commons-fileupload.src.main.org.apache.commons.fileupload.disk.DiskFileItem_python_partial.json, DiskFileItem, 361-363:getHeaders, success, 2
commons-fileupload.src.main.org.apache.commons.fileupload.disk.DiskFileItem_python_partial.json, DiskFileItem, 319-331:getTempFile, success, 12
commons-fileupload.src.main.org.apache.commons.fileupload.disk.DiskFileItem_python_partial.json, DiskFileItem, 283-285:setFormField, success, 2
commons-fileupload.src.main.org.apache.commons.fileupload.disk.DiskFileItem_python_partial.json, DiskFileItem, 272-274:isFormField, success, 2
commons-fileupload.src.main.org.apache.commons.fileupload.disk.DiskFileItem_python_partial.json, DiskFileItem, 261-263:setFieldName, success, 2
commons-fileupload.src.main.org.apache.commons.fileupload.disk.DiskFileItem_python_partial.json, DiskFileItem, 251-253:getFieldName, success, 2
commons-fileupload.src.main.org.apache.commons.fileupload.disk.DiskFileItem_python_partial.json, DiskFileItem, 178-180:getName, success, 2
commons-fileupload.src.main.org.apache.commons.fileupload.disk.DiskFileItem_python_partial.json, DiskFileItem, 162-167:getCharSet, success, 5
commons-fileupload.src.main.org.apache.commons.fileupload.disk.DiskFileItem_python_partial.json, DiskFileItem, 153-155:getContentType, success, 2
commons-fileupload.src.main.org.apache.commons.fileupload.disk.DiskFileItem_python_partial.json, DiskFileItem, 124-137:DiskFileItem, error, 8
commons-fileupload.src.main.org.apache.commons.fileupload.disk.DiskFileItem_python_partial.json, DiskFileItem, 339-348:getUniqueId, success, 11
commons-fileupload.src.main.org.apache.commons.fileupload.MultipartStream_python_partial.json, ItemInputStream, 841-843:isClosed, error, 2
commons-fileupload.src.main.org.apache.commons.fileupload.MultipartStream_python_partial.json, ItemInputStream, 782-796:skip, error, 15
commons-fileupload.src.main.org.apache.commons.fileupload.MultipartStream_python_partial.json, ItemInputStream, 688-690:read, error, 15
commons-fileupload.src.main.org.apache.commons.fileupload.MultipartStream_python_partial.json, ItemInputStream, 671-676:available, error, 5
commons-fileupload.src.main.org.apache.commons.fileupload.MultipartStream_python_partial.json, ItemInputStream, 752-772:close1, error, 17
commons-fileupload.src.main.org.apache.commons.fileupload.MultipartStream_python_partial.json, ItemInputStream, 742-744:close0, error, 3
commons-fileupload.src.main.org.apache.commons.fileupload.MultipartStream_python_partial.json, ItemInputStream, 716-735:read1, error, 21
commons-fileupload.src.main.org.apache.commons.fileupload.MultipartStream_python_partial.json, ItemInputStream, 692-705:read0, error, 15
commons-fileupload.src.main.org.apache.commons.fileupload.MultipartStream_python_partial.json, ItemInputStream, 660-662:getBytesRead, error, 2
commons-fileupload.src.main.org.apache.commons.fileupload.MultipartStream_python_partial.json, ItemInputStream, 804-833:makeAvailable, error, 25
commons-fileupload.src.main.org.apache.commons.fileupload.MultipartStream_python_partial.json, ItemInputStream, 644-653:findSeparator, error, 18
commons-fileupload.src.main.org.apache.commons.fileupload.MultipartStream_python_partial.json, ItemInputStream, 639-641:ItemInputStream, error, 3
commons-fileupload.src.main.org.apache.commons.fileupload.MultipartStream_python_partial.json, IllegalBoundaryException, 616-618:IllegalBoundaryException, success, 2
commons-fileupload.src.main.org.apache.commons.fileupload.MultipartStream_python_partial.json, MalformedStreamException, 598-600:MalformedStreamException, success, 2
commons-fileupload.src.main.org.apache.commons.fileupload.MultipartStream_python_partial.json, ProgressNotifier, 125-129:notifyListener, success, 3
commons-fileupload.src.main.org.apache.commons.fileupload.MultipartStream_python_partial.json, ProgressNotifier, 119-122:noteItem, success, 3
commons-fileupload.src.main.org.apache.commons.fileupload.MultipartStream_python_partial.json, ProgressNotifier, 110-116:noteBytesRead, success, 3
commons-fileupload.src.main.org.apache.commons.fileupload.MultipartStream_python_partial.json, ProgressNotifier, 100-103:ProgressNotifier, error, 3
commons-fileupload.src.main.org.apache.commons.fileupload.MultipartStream_python_partial.json, MultipartStream, 302-304:MultipartStream3, success, 4
commons-fileupload.src.main.org.apache.commons.fileupload.MultipartStream_python_partial.json, MultipartStream, 233-236:MultipartStream1, success, 4
commons-fileupload.src.main.org.apache.commons.fileupload.MultipartStream_python_partial.json, MultipartStream, 216-218:MultipartStream0, success, 4
commons-fileupload.src.main.org.apache.commons.fileupload.MultipartStream_python_partial.json, MultipartStream, 567-583:findSeparator, success, 13
commons-fileupload.src.main.org.apache.commons.fileupload.MultipartStream_python_partial.json, MultipartStream, 550-558:findByte, success, 7
commons-fileupload.src.main.org.apache.commons.fileupload.MultipartStream_python_partial.json, MultipartStream, 532-539:arrayequals, success, 6
commons-fileupload.src.main.org.apache.commons.fileupload.MultipartStream_python_partial.json, MultipartStream, 440-480:readHeaders, success, 36
commons-fileupload.src.main.org.apache.commons.fileupload.MultipartStream_python_partial.json, MultipartStream, 398-404:setBoundary, success, 7
commons-fileupload.src.main.org.apache.commons.fileupload.MultipartStream_python_partial.json, MultipartStream, 356-381:readBoundary, success, 22
commons-fileupload.src.main.org.apache.commons.fileupload.MultipartStream_python_partial.json, MultipartStream, 332-344:readByte, success, 10
commons-fileupload.src.main.org.apache.commons.fileupload.MultipartStream_python_partial.json, MultipartStream, 322-324:setHeaderEncoding, success, 2
commons-fileupload.src.main.org.apache.commons.fileupload.MultipartStream_python_partial.json, MultipartStream, 312-314:getHeaderEncoding, success, 2
commons-fileupload.src.main.org.apache.commons.fileupload.MultipartStream_python_partial.json, MultipartStream, 289-292:MultipartStream2, failure, 4
commons-fileupload.src.main.org.apache.commons.fileupload.MultipartStream_python_partial.json, MultipartStream, 252-279:MultipartStream, error, 27
commons-fileupload.src.main.org.apache.commons.fileupload.MultipartStream_python_partial.json, MultipartStream, 407-426:computeBoundaryTable, failure, 18
commons-fileupload.src.main.org.apache.commons.fileupload.MultipartStream_python_partial.json, MultipartStream, 502-504:newInputStream, success, 3
commons-fileupload.src.main.org.apache.commons.fileupload.FileUpload_python_partial.json, FileUpload, 74-76:setFileItemFactory, success, 2
commons-fileupload.src.main.org.apache.commons.fileupload.FileUpload_python_partial.json, FileUpload, 64-66:getFileItemFactory, success, 2
commons-fileupload.src.main.org.apache.commons.fileupload.FileUpload_python_partial.json, FileUpload, 51-56:FileUpload, success, 4
commons-fileupload.src.main.org.apache.commons.fileupload.disk.DiskFileItemFactory_python_partial.json, DiskFileItemFactory, 189-191:setDefaultCharset, success, 2
commons-fileupload.src.main.org.apache.commons.fileupload.disk.DiskFileItemFactory_python_partial.json, DiskFileItemFactory, 179-181:getDefaultCharset, success, 2
commons-fileupload.src.main.org.apache.commons.fileupload.disk.DiskFileItemFactory_python_partial.json, DiskFileItemFactory, 142-144:setSizeThreshold, success, 2
commons-fileupload.src.main.org.apache.commons.fileupload.disk.DiskFileItemFactory_python_partial.json, DiskFileItemFactory, 132-134:getSizeThreshold, success, 2
commons-fileupload.src.main.org.apache.commons.fileupload.disk.DiskFileItemFactory_python_partial.json, DiskFileItemFactory, 121-123:setRepository, success, 2
commons-fileupload.src.main.org.apache.commons.fileupload.disk.DiskFileItemFactory_python_partial.json, DiskFileItemFactory, 110-112:getRepository, success, 2
commons-fileupload.src.main.org.apache.commons.fileupload.disk.DiskFileItemFactory_python_partial.json, DiskFileItemFactory, 90-92:DiskFileItemFactory1, success, 3
commons-fileupload.src.main.org.apache.commons.fileupload.disk.DiskFileItemFactory_python_partial.json, DiskFileItemFactory, 85-88:DiskFileItemFactory, success, 3
commons-fileupload.src.main.org.apache.commons.fileupload.util.LimitedInputStream_python_partial.json, LimitedInputStream, 138-141:close, success, 3
commons-fileupload.src.main.org.apache.commons.fileupload.util.LimitedInputStream_python_partial.json, LimitedInputStream, 126-128:isClosed, success, 2
commons-fileupload.src.main.org.apache.commons.fileupload.util.LimitedInputStream_python_partial.json, LimitedInputStream, 110-117:read1, success, 6
commons-fileupload.src.main.org.apache.commons.fileupload.util.LimitedInputStream_python_partial.json, LimitedInputStream, 83-90:read0, success, 6
commons-fileupload.src.main.org.apache.commons.fileupload.util.LimitedInputStream_python_partial.json, LimitedInputStream, 45-48:LimitedInputStream, error, 4
commons-fileupload.src.main.org.apache.commons.fileupload.util.LimitedInputStream_python_partial.json, LimitedInputStream, 64-68:checkLimit, success, 3
commons-fileupload.src.main.org.apache.commons.fileupload.util.LimitedInputStream_python_partial.json, LimitedInputStream, 57-57:raiseError, success, 2
commons-fileupload.src.main.org.apache.commons.fileupload.portlet.PortletFileUpload_python_partial.json, PortletFileUpload, 55-57:PortletFileUpload1, success, 3
commons-fileupload.src.main.org.apache.commons.fileupload.portlet.PortletFileUpload_python_partial.json, PortletFileUpload, 51-53:PortletFileUpload, error, 2
commons-fileupload.src.main.org.apache.commons.fileupload.DefaultFileItemFactory_python_partial.json, DefaultFileItemFactory, 50-52:DefaultFileItemFactory, error, 2
commons-fileupload.src.main.org.apache.commons.fileupload.DefaultFileItemFactory_python_partial.json, DefaultFileItemFactory, 54-56:DefaultFileItemFactory1, success, 3
commons-fileupload.src.main.org.apache.commons.fileupload.UploadContext_python_partial.json, UploadContext, 36-36:contentLength, success, 5
commons-fileupload.src.main.org.apache.commons.fileupload.FileCountLimitExceededException_python_partial.json, FileCountLimitExceededException, 43-45:getLimit, success, 2
commons-fileupload.src.main.org.apache.commons.fileupload.FileCountLimitExceededException_python_partial.json, FileCountLimitExceededException, 33-36:FileCountLimitExceededException, error, 3
commons-fileupload.src.main.org.apache.commons.fileupload.FileItemIterator_python_partial.json, FileItemIterator, 42-42:next, success, 2
commons-fileupload.src.main.org.apache.commons.fileupload.FileItemIterator_python_partial.json, FileItemIterator, 31-31:hasNext, success, 2
commons-fileupload.src.main.org.apache.commons.fileupload.DefaultFileItem_python_partial.json, DefaultFileItem, 57-65:DefaultFileItem, error, 3
