commons-graph.src.main.org.apache.commons.graph.utils.Objects_python_partial.json, Objects, 44-51:hash, success, 7
commons-graph.src.main.org.apache.commons.graph.utils.Objects_python_partial.json, Objects, 32-34:eq, success, 3
commons-graph.src.main.org.apache.commons.graph.utils.Objects_python_partial.json, Objects, 54-54:Objects, success, 2
commons-graph.src.main.org.apache.commons.graph.utils.Assertions_python_partial.json, Assertions, 87-92:checkState, success, 5
commons-graph.src.main.org.apache.commons.graph.utils.Assertions_python_partial.json, Assertions, 64-70:checkNotNull, success, 6
commons-graph.src.main.org.apache.commons.graph.utils.Assertions_python_partial.json, Assertions, 42-47:checkArgument, success, 5
commons-graph.src.main.org.apache.commons.graph.utils.Assertions_python_partial.json, Assertions, 94-94:Assertions, success, 2
commons-graph.src.main.org.apache.commons.graph.VertexPair_python_partial.json, VertexPair, 93-95:toString, success, 2
commons-graph.src.main.org.apache.commons.graph.VertexPair_python_partial.json, VertexPair, 87-90:hashCode, success, 4
commons-graph.src.main.org.apache.commons.graph.VertexPair_python_partial.json, VertexPair, 57-69:equals, success, 9
commons-graph.src.main.org.apache.commons.graph.VertexPair_python_partial.json, VertexPair, 81-83:getTail, success, 2
commons-graph.src.main.org.apache.commons.graph.VertexPair_python_partial.json, VertexPair, 74-76:getHead, success, 2
commons-graph.src.main.org.apache.commons.graph.VertexPair_python_partial.json, VertexPair, 50-53:VertexPair, success, 4
commons-graph.src.main.org.apache.commons.graph.Graph_python_partial.json, Graph, 140-140:getVertices1, success, 2
commons-graph.src.main.org.apache.commons.graph.Graph_python_partial.json, Graph, 129-129:getVertices0, success, 2
commons-graph.src.main.org.apache.commons.graph.Graph_python_partial.json, Graph, 119-119:getSize, success, 2
commons-graph.src.main.org.apache.commons.graph.Graph_python_partial.json, Graph, 109-109:getOrder, success, 2
commons-graph.src.main.org.apache.commons.graph.Graph_python_partial.json, Graph, 99-99:getEdges, success, 2
commons-graph.src.main.org.apache.commons.graph.Graph_python_partial.json, Graph, 89-89:getEdge, success, 2
commons-graph.src.main.org.apache.commons.graph.Graph_python_partial.json, Graph, 77-77:getDegree, success, 6
commons-graph.src.main.org.apache.commons.graph.Graph_python_partial.json, Graph, 65-65:getConnectedVertices, success, 2
commons-graph.src.main.org.apache.commons.graph.Graph_python_partial.json, Graph, 54-54:containsVertex, success, 2
commons-graph.src.main.org.apache.commons.graph.Graph_python_partial.json, Graph, 43-43:containsEdge, success, 2
commons-graph.src.main.org.apache.commons.graph.model.BaseGraph_python_partial.json, BaseGraph, 193-195:toString, success, 2
commons-graph.src.main.org.apache.commons.graph.model.BaseGraph_python_partial.json, BaseGraph, 186-189:hashCode, success, 5
commons-graph.src.main.org.apache.commons.graph.model.BaseGraph_python_partial.json, BaseGraph, 92-104:equals, success, 9
commons-graph.src.main.org.apache.commons.graph.model.BaseGraph_python_partial.json, BaseGraph, 180-182:getVertices1, success, 2
commons-graph.src.main.org.apache.commons.graph.model.BaseGraph_python_partial.json, BaseGraph, 175-177:getVertices0, success, 2
commons-graph.src.main.org.apache.commons.graph.model.BaseGraph_python_partial.json, BaseGraph, 170-172:getSize, success, 2
commons-graph.src.main.org.apache.commons.graph.model.BaseGraph_python_partial.json, BaseGraph, 165-167:getOrder, success, 2
commons-graph.src.main.org.apache.commons.graph.model.BaseGraph_python_partial.json, BaseGraph, 160-162:getIndexedVertices, success, 2
commons-graph.src.main.org.apache.commons.graph.model.BaseGraph_python_partial.json, BaseGraph, 151-153:getIndexedEdges, success, 2
commons-graph.src.main.org.apache.commons.graph.model.BaseGraph_python_partial.json, BaseGraph, 142-144:getEdges, success, 2
commons-graph.src.main.org.apache.commons.graph.model.BaseGraph_python_partial.json, BaseGraph, 132-139:getEdge, success, 8
commons-graph.src.main.org.apache.commons.graph.model.BaseGraph_python_partial.json, BaseGraph, 125-129:getConnectedVertices, success, 5
commons-graph.src.main.org.apache.commons.graph.model.BaseGraph_python_partial.json, BaseGraph, 120-122:getAllEdges, success, 2
commons-graph.src.main.org.apache.commons.graph.model.BaseGraph_python_partial.json, BaseGraph, 111-113:getAdjacencyList, success, 2
commons-graph.src.main.org.apache.commons.graph.model.BaseGraph_python_partial.json, BaseGraph, 86-88:containsVertex, success, 2
commons-graph.src.main.org.apache.commons.graph.model.BaseGraph_python_partial.json, BaseGraph, 81-83:containsEdge, success, 2
commons-graph.src.main.org.apache.commons.graph.model.BaseGraph_python_partial.json, BaseGraph, 65-70:checkGraphCondition, success, 5
commons-graph.src.main.org.apache.commons.graph.MutableGraph_python_partial.json, MutableGraph, 70-70:removeVertex, success, 4
commons-graph.src.main.org.apache.commons.graph.MutableGraph_python_partial.json, MutableGraph, 60-60:removeEdge, success, 4
commons-graph.src.main.org.apache.commons.graph.MutableGraph_python_partial.json, MutableGraph, 50-50:addVertex, success, 2
commons-graph.src.main.org.apache.commons.graph.MutableGraph_python_partial.json, MutableGraph, 40-40:addEdge, success, 2
commons-graph.src.main.org.apache.commons.graph.model.BaseMutableGraph_python_partial.json, BaseMutableGraph, 142-152:removeVertex, success, 11
commons-graph.src.main.org.apache.commons.graph.model.BaseMutableGraph_python_partial.json, BaseMutableGraph, 132-139:removeEdge, success, 8
commons-graph.src.main.org.apache.commons.graph.model.BaseMutableGraph_python_partial.json, BaseMutableGraph, 124-129:internalRemoveEdge, success, 6
commons-graph.src.main.org.apache.commons.graph.model.BaseMutableGraph_python_partial.json, BaseMutableGraph, 106-115:internalAddEdge, success, 9
commons-graph.src.main.org.apache.commons.graph.model.BaseMutableGraph_python_partial.json, BaseMutableGraph, 60-67:addVertex, success, 8
commons-graph.src.main.org.apache.commons.graph.model.BaseMutableGraph_python_partial.json, BaseMutableGraph, 41-57:addEdge, success, 17
commons-graph.src.main.org.apache.commons.graph.model.BaseMutableGraph_python_partial.json, BaseMutableGraph, 97-97:decorateRemoveVertex, success, 2
commons-graph.src.main.org.apache.commons.graph.model.BaseMutableGraph_python_partial.json, BaseMutableGraph, 90-90:decorateRemoveEdge, success, 2
commons-graph.src.main.org.apache.commons.graph.model.BaseMutableGraph_python_partial.json, BaseMutableGraph, 83-83:decorateAddVertex, success, 2
commons-graph.src.main.org.apache.commons.graph.model.BaseMutableGraph_python_partial.json, BaseMutableGraph, 76-76:decorateAddEdge, success, 2
commons-graph.src.main.org.apache.commons.graph.DirectedGraph_python_partial.json, DirectedGraph, 65-65:getOutDegree, success, 7
commons-graph.src.main.org.apache.commons.graph.DirectedGraph_python_partial.json, DirectedGraph, 57-57:getOutbound, success, 2
commons-graph.src.main.org.apache.commons.graph.DirectedGraph_python_partial.json, DirectedGraph, 49-49:getInDegree, success, 7
commons-graph.src.main.org.apache.commons.graph.DirectedGraph_python_partial.json, DirectedGraph, 41-41:getInbound, success, 2
commons-graph.src.main.org.apache.commons.graph.visit.BaseGraphVisitHandler_python_partial.json, BaseGraphVisitHandler, 62-64:onCompleted, success, 2
commons-graph.src.main.org.apache.commons.graph.visit.BaseGraphVisitHandler_python_partial.json, BaseGraphVisitHandler, 57-59:finishVertex, success, 2
commons-graph.src.main.org.apache.commons.graph.visit.BaseGraphVisitHandler_python_partial.json, BaseGraphVisitHandler, 54-54:finishGraph, success, 2
commons-graph.src.main.org.apache.commons.graph.visit.BaseGraphVisitHandler_python_partial.json, BaseGraphVisitHandler, 49-51:finishEdge, success, 2
commons-graph.src.main.org.apache.commons.graph.visit.BaseGraphVisitHandler_python_partial.json, BaseGraphVisitHandler, 44-46:discoverVertex, success, 2
commons-graph.src.main.org.apache.commons.graph.visit.BaseGraphVisitHandler_python_partial.json, BaseGraphVisitHandler, 41-41:discoverGraph, success, 2
commons-graph.src.main.org.apache.commons.graph.visit.BaseGraphVisitHandler_python_partial.json, BaseGraphVisitHandler, 36-38:discoverEdge, success, 2
commons-graph.src.main.org.apache.commons.graph.model.UndirectedMutableGraph_python_partial.json, UndirectedMutableGraph, 55-55:decorateRemoveVertex, success, 2
commons-graph.src.main.org.apache.commons.graph.model.UndirectedMutableGraph_python_partial.json, UndirectedMutableGraph, 49-51:decorateRemoveEdge, success, 3
commons-graph.src.main.org.apache.commons.graph.model.UndirectedMutableGraph_python_partial.json, UndirectedMutableGraph, 45-45:decorateAddVertex, success, 2
commons-graph.src.main.org.apache.commons.graph.model.UndirectedMutableGraph_python_partial.json, UndirectedMutableGraph, 39-41:decorateAddEdge, success, 2
commons-graph.src.main.org.apache.commons.graph.model.UndirectedMutableGraph_python_partial.json, UndirectedMutableGraph, 58-60:getDegree, success, 2
commons-graph.src.main.org.apache.commons.graph.model.DirectedMutableGraph_python_partial.json, DirectedMutableGraph, 71-74:decorateRemoveVertex, success, 7
commons-graph.src.main.org.apache.commons.graph.model.DirectedMutableGraph_python_partial.json, DirectedMutableGraph, 63-67:decorateRemoveEdge, success, 5
commons-graph.src.main.org.apache.commons.graph.model.DirectedMutableGraph_python_partial.json, DirectedMutableGraph, 56-59:decorateAddVertex, success, 3
commons-graph.src.main.org.apache.commons.graph.model.DirectedMutableGraph_python_partial.json, DirectedMutableGraph, 49-52:decorateAddEdge, success, 11
commons-graph.src.main.org.apache.commons.graph.model.DirectedMutableGraph_python_partial.json, DirectedMutableGraph, 97-99:getOutDegree, success, 2
commons-graph.src.main.org.apache.commons.graph.model.DirectedMutableGraph_python_partial.json, DirectedMutableGraph, 92-94:getOutbound, success, 2
commons-graph.src.main.org.apache.commons.graph.model.DirectedMutableGraph_python_partial.json, DirectedMutableGraph, 87-89:getInDegree, success, 2
commons-graph.src.main.org.apache.commons.graph.model.DirectedMutableGraph_python_partial.json, DirectedMutableGraph, 82-84:getInbound, success, 2
commons-graph.src.main.org.apache.commons.graph.model.DirectedMutableGraph_python_partial.json, DirectedMutableGraph, 77-79:getDegree, success, 2
commons-graph.src.main.org.apache.commons.graph.visit.VisitGraphBuilder_python_partial.json, VisitGraphBuilder, 62-64:onCompleted, success, 2
commons-graph.src.main.org.apache.commons.graph.visit.VisitGraphBuilder_python_partial.json, VisitGraphBuilder, 48-58:discoverGraph, success, 9
commons-graph.src.main.org.apache.commons.graph.visit.VisitGraphBuilder_python_partial.json, VisitGraphBuilder, 41-44:discoverEdge, success, 4
commons-graph.src.main.org.apache.commons.graph.visit.VisitAlgorithmsSelector_python_partial.json, VisitAlgorithmsSelector, 59-59:applyingDepthFirstSearch1, success, 4
commons-graph.src.main.org.apache.commons.graph.visit.VisitAlgorithmsSelector_python_partial.json, VisitAlgorithmsSelector, 52-52:applyingDepthFirstSearch0, success, 3
commons-graph.src.main.org.apache.commons.graph.visit.VisitAlgorithmsSelector_python_partial.json, VisitAlgorithmsSelector, 45-45:applyingBreadthFirstSearch1, success, 4
commons-graph.src.main.org.apache.commons.graph.visit.VisitAlgorithmsSelector_python_partial.json, VisitAlgorithmsSelector, 38-38:applyingBreadthFirstSearch0, success, 4
commons-graph.src.main.org.apache.commons.graph.visit.GraphVisitHandler_python_partial.json, GraphVisitHandler, 87-87:onCompleted, success, 2
commons-graph.src.main.org.apache.commons.graph.visit.GraphVisitHandler_python_partial.json, GraphVisitHandler, 80-80:finishVertex, success, 2
commons-graph.src.main.org.apache.commons.graph.visit.GraphVisitHandler_python_partial.json, GraphVisitHandler, 71-71:finishGraph, success, 2
commons-graph.src.main.org.apache.commons.graph.visit.GraphVisitHandler_python_partial.json, GraphVisitHandler, 68-68:finishEdge, success, 2
commons-graph.src.main.org.apache.commons.graph.visit.GraphVisitHandler_python_partial.json, GraphVisitHandler, 59-59:discoverVertex, success, 2
commons-graph.src.main.org.apache.commons.graph.visit.GraphVisitHandler_python_partial.json, GraphVisitHandler, 45-45:discoverGraph, success, 2
commons-graph.src.main.org.apache.commons.graph.visit.GraphVisitHandler_python_partial.json, GraphVisitHandler, 42-42:discoverEdge, success, 2
commons-graph.src.main.org.apache.commons.graph.Weighted_python_partial.json, Weighted, 35-35:getWeight, success, 2
commons-graph.src.main.org.apache.commons.graph.weight.Monoid_python_partial.json, Monoid, 54-54:inverse, success, 2
commons-graph.src.main.org.apache.commons.graph.weight.Monoid_python_partial.json, Monoid, 46-46:identity, success, 2
commons-graph.src.main.org.apache.commons.graph.weight.Monoid_python_partial.json, Monoid, 39-39:append, success, 2
commons-graph.src.main.org.apache.commons.graph.shortestpath.PathNotFoundException_python_partial.json, PathNotFoundException, 28-30:PathNotFoundException, error, 2
commons-graph.src.main.org.apache.commons.graph.model.InMemoryWeightedPath_python_partial.json, InMemoryWeightedPath, 126-130:toString, success, 3
commons-graph.src.main.org.apache.commons.graph.model.InMemoryWeightedPath_python_partial.json, InMemoryWeightedPath, 108-113:hashCode, success, 6
commons-graph.src.main.org.apache.commons.graph.model.InMemoryWeightedPath_python_partial.json, InMemoryWeightedPath, 82-99:equals, success, 12
commons-graph.src.main.org.apache.commons.graph.model.InMemoryWeightedPath_python_partial.json, InMemoryWeightedPath, 75-78:addConnectionInTail, success, 3
commons-graph.src.main.org.apache.commons.graph.model.InMemoryWeightedPath_python_partial.json, InMemoryWeightedPath, 68-71:addConnectionInHead, success, 3
commons-graph.src.main.org.apache.commons.graph.model.InMemoryWeightedPath_python_partial.json, InMemoryWeightedPath, 102-104:getWeight, success, 2
commons-graph.src.main.org.apache.commons.graph.model.InMemoryWeightedPath_python_partial.json, InMemoryWeightedPath, 57-64:InMemoryWeightedPath, success, 6
commons-graph.src.main.org.apache.commons.graph.model.InMemoryWeightedPath_python_partial.json, InMemoryWeightedPath, 120-122:increaseWeight, success, 2
commons-graph.src.main.org.apache.commons.graph.Mapper_python_partial.json, Mapper, 38-38:map, success, 2
commons-graph.src.main.org.apache.commons.graph.collections.FibonacciHeapNode_python_partial.json, FibonacciHeapNode, 201-203:toString, success, 2
commons-graph.src.main.org.apache.commons.graph.collections.FibonacciHeapNode_python_partial.json, FibonacciHeapNode, 195-197:setRight, success, 2
commons-graph.src.main.org.apache.commons.graph.collections.FibonacciHeapNode_python_partial.json, FibonacciHeapNode, 186-188:setParent, success, 2
commons-graph.src.main.org.apache.commons.graph.collections.FibonacciHeapNode_python_partial.json, FibonacciHeapNode, 177-179:setMarked, success, 2
commons-graph.src.main.org.apache.commons.graph.collections.FibonacciHeapNode_python_partial.json, FibonacciHeapNode, 168-170:setLeft, success, 2
commons-graph.src.main.org.apache.commons.graph.collections.FibonacciHeapNode_python_partial.json, FibonacciHeapNode, 159-161:setChild, success, 2
commons-graph.src.main.org.apache.commons.graph.collections.FibonacciHeapNode_python_partial.json, FibonacciHeapNode, 150-152:isMarked, success, 2
commons-graph.src.main.org.apache.commons.graph.collections.FibonacciHeapNode_python_partial.json, FibonacciHeapNode, 141-143:incraeseDegree, success, 2
commons-graph.src.main.org.apache.commons.graph.collections.FibonacciHeapNode_python_partial.json, FibonacciHeapNode, 132-134:getRight, success, 2
commons-graph.src.main.org.apache.commons.graph.collections.FibonacciHeapNode_python_partial.json, FibonacciHeapNode, 123-125:getParent, success, 2
commons-graph.src.main.org.apache.commons.graph.collections.FibonacciHeapNode_python_partial.json, FibonacciHeapNode, 114-116:getLeft, success, 2
commons-graph.src.main.org.apache.commons.graph.collections.FibonacciHeapNode_python_partial.json, FibonacciHeapNode, 105-107:getElement, success, 2
commons-graph.src.main.org.apache.commons.graph.collections.FibonacciHeapNode_python_partial.json, FibonacciHeapNode, 96-98:getDegree, success, 2
commons-graph.src.main.org.apache.commons.graph.collections.FibonacciHeapNode_python_partial.json, FibonacciHeapNode, 85-87:getChild, success, 2
commons-graph.src.main.org.apache.commons.graph.collections.FibonacciHeapNode_python_partial.json, FibonacciHeapNode, 76-78:decraeseDegree, success, 2
commons-graph.src.main.org.apache.commons.graph.collections.FibonacciHeapNode_python_partial.json, FibonacciHeapNode, 60-69:FibonacciHeapNode, success, 8
commons-graph.src.main.org.apache.commons.graph.visit.VisitSourceSelector_python_partial.json, VisitSourceSelector, 39-39:from, success, 2
commons-graph.src.main.org.apache.commons.graph.visit.DefaultVisitAlgorithmsSelector_python_partial.json, DefaultVisitAlgorithmsSelector, 79-81:applyingDepthFirstSearch1, success, 3
commons-graph.src.main.org.apache.commons.graph.visit.DefaultVisitAlgorithmsSelector_python_partial.json, DefaultVisitAlgorithmsSelector, 74-76:applyingDepthFirstSearch0, success, 3
commons-graph.src.main.org.apache.commons.graph.visit.DefaultVisitAlgorithmsSelector_python_partial.json, DefaultVisitAlgorithmsSelector, 69-71:applyingBreadthFirstSearch1, success, 3
commons-graph.src.main.org.apache.commons.graph.visit.DefaultVisitAlgorithmsSelector_python_partial.json, DefaultVisitAlgorithmsSelector, 64-66:applyingBreadthFirstSearch0, success, 3
commons-graph.src.main.org.apache.commons.graph.visit.DefaultVisitAlgorithmsSelector_python_partial.json, DefaultVisitAlgorithmsSelector, 58-61:DefaultVisitAlgorithmsSelector, success, 4
commons-graph.src.main.org.apache.commons.graph.visit.DefaultVisitAlgorithmsSelector_python_partial.json, DefaultVisitAlgorithmsSelector, 98-174:applyingSearch, success, 61
commons-graph.src.main.org.apache.commons.graph.spanning.SpanningTreeSourceSelector_python_partial.json, SpanningTreeSourceSelector, 71-71:fromSource, success, 2
commons-graph.src.main.org.apache.commons.graph.spanning.SpanningTreeSourceSelector_python_partial.json, SpanningTreeSourceSelector, 63-63:fromArbitrarySource, success, 2
commons-graph.src.main.org.apache.commons.graph.spanning.SpanningTreeSourceSelector_python_partial.json, SpanningTreeSourceSelector, 55-57:applyingReverseDeleteAlgorithm, success, 3
commons-graph.src.main.org.apache.commons.graph.spanning.WeightedEdgesComparator_python_partial.json, WeightedEdgesComparator, 41-43:compare, success, 2
commons-graph.src.main.org.apache.commons.graph.spanning.WeightedEdgesComparator_python_partial.json, WeightedEdgesComparator, 36-39:WeightedEdgesComparator, success, 4
commons-graph.src.main.org.apache.commons.graph.collections.DisjointSetNode_python_partial.json, DisjointSetNode, 98-100:setRank, success, 2
commons-graph.src.main.org.apache.commons.graph.collections.DisjointSetNode_python_partial.json, DisjointSetNode, 89-91:setParent, success, 2
commons-graph.src.main.org.apache.commons.graph.collections.DisjointSetNode_python_partial.json, DisjointSetNode, 80-82:increaseRank, success, 2
commons-graph.src.main.org.apache.commons.graph.collections.DisjointSetNode_python_partial.json, DisjointSetNode, 75-77:getRank, success, 2
commons-graph.src.main.org.apache.commons.graph.collections.DisjointSetNode_python_partial.json, DisjointSetNode, 66-68:getParent, success, 2
commons-graph.src.main.org.apache.commons.graph.collections.DisjointSetNode_python_partial.json, DisjointSetNode, 57-59:getElement, success, 2
commons-graph.src.main.org.apache.commons.graph.collections.DisjointSetNode_python_partial.json, DisjointSetNode, 48-50:compareTo, success, 2
commons-graph.src.main.org.apache.commons.graph.collections.DisjointSetNode_python_partial.json, DisjointSetNode, 43-45:DisjointSetNode, success, 5
commons-graph.src.main.org.apache.commons.graph.builder.TailVertexConnector_python_partial.json, TailVertexConnector, 36-36:to, success, 2
commons-graph.src.main.org.apache.commons.graph.flow.MaxFlowAlgorithmSelector_python_partial.json, MaxFlowAlgorithmSelector, 49-49:applyingFordFulkerson, success, 4
commons-graph.src.main.org.apache.commons.graph.flow.MaxFlowAlgorithmSelector_python_partial.json, MaxFlowAlgorithmSelector, 40-40:applyingEdmondsKarp, success, 4
commons-graph.src.main.org.apache.commons.graph.coloring.ColoredVertices_python_partial.json, ColoredVertices, 88-90:getRequiredColors, success, 2
commons-graph.src.main.org.apache.commons.graph.coloring.ColoredVertices_python_partial.json, ColoredVertices, 77-81:getColor, success, 5
commons-graph.src.main.org.apache.commons.graph.coloring.ColoredVertices_python_partial.json, ColoredVertices, 67-69:containsColoredVertex, success, 2
commons-graph.src.main.org.apache.commons.graph.coloring.ColoredVertices_python_partial.json, ColoredVertices, 97-100:removeColor, success, 5
commons-graph.src.main.org.apache.commons.graph.coloring.ColoredVertices_python_partial.json, ColoredVertices, 51-59:addColor, success, 8
commons-graph.src.main.org.apache.commons.graph.coloring.ColoredVertices_python_partial.json, ColoredVertices, 43-43:ColoredVertices, success, 3
commons-graph.src.main.org.apache.commons.graph.shortestpath.HeuristicBuilder_python_partial.json, HeuristicBuilder, 36-36:withHeuristic, success, 2
commons-graph.src.main.org.apache.commons.graph.shortestpath.ShortestDistances_python_partial.json, ShortestDistances, 85-87:setWeight, success, 2
commons-graph.src.main.org.apache.commons.graph.shortestpath.ShortestDistances_python_partial.json, ShortestDistances, 75-77:getWeight, success, 2
commons-graph.src.main.org.apache.commons.graph.shortestpath.ShortestDistances_python_partial.json, ShortestDistances, 55-64:compare, success, 9
commons-graph.src.main.org.apache.commons.graph.shortestpath.ShortestDistances_python_partial.json, ShortestDistances, 50-52:alreadyVisited, success, 2
commons-graph.src.main.org.apache.commons.graph.shortestpath.ShortestDistances_python_partial.json, ShortestDistances, 40-42:ShortestDistances, success, 3
commons-graph.src.main.org.apache.commons.graph.shortestpath.PredecessorsList_python_partial.json, PredecessorsList, 145-147:isEmpty, success, 2
commons-graph.src.main.org.apache.commons.graph.shortestpath.PredecessorsList_python_partial.json, PredecessorsList, 103-138:buildPath1, success, 28
commons-graph.src.main.org.apache.commons.graph.shortestpath.PredecessorsList_python_partial.json, PredecessorsList, 73-92:buildPath0, success, 17
commons-graph.src.main.org.apache.commons.graph.shortestpath.PredecessorsList_python_partial.json, PredecessorsList, 62-64:addPredecessor, success, 2
commons-graph.src.main.org.apache.commons.graph.shortestpath.PredecessorsList_python_partial.json, PredecessorsList, 49-54:PredecessorsList, success, 5
commons-graph.src.main.org.apache.commons.graph.shortestpath.Heuristic_python_partial.json, Heuristic, 38-38:applyHeuristic, success, 2
commons-graph.src.main.org.apache.commons.graph.collections.FibonacciHeap_python_partial.json, FibonacciHeap, 540-577:toString, success, 33
commons-graph.src.main.org.apache.commons.graph.collections.FibonacciHeap_python_partial.json, FibonacciHeap, 531-533:toArray1, success, 4
commons-graph.src.main.org.apache.commons.graph.collections.FibonacciHeap_python_partial.json, FibonacciHeap, 522-524:toArray0, success, 4
commons-graph.src.main.org.apache.commons.graph.collections.FibonacciHeap_python_partial.json, FibonacciHeap, 517-519:toArray, success, 2
commons-graph.src.main.org.apache.commons.graph.collections.FibonacciHeap_python_partial.json, FibonacciHeap, 526-528:toArray, success, 2
commons-graph.src.main.org.apache.commons.graph.collections.FibonacciHeap_python_partial.json, FibonacciHeap, 513-515:size, success, 2
commons-graph.src.main.org.apache.commons.graph.collections.FibonacciHeap_python_partial.json, FibonacciHeap, 508-510:retainAll, success, 2
commons-graph.src.main.org.apache.commons.graph.collections.FibonacciHeap_python_partial.json, FibonacciHeap, 503-505:removeAll, success, 2
commons-graph.src.main.org.apache.commons.graph.collections.FibonacciHeap_python_partial.json, FibonacciHeap, 498-500:remove1, success, 2
commons-graph.src.main.org.apache.commons.graph.collections.FibonacciHeap_python_partial.json, FibonacciHeap, 479-481:remove, success, 2
commons-graph.src.main.org.apache.commons.graph.collections.FibonacciHeap_python_partial.json, FibonacciHeap, 493-495:remove, success, 2
commons-graph.src.main.org.apache.commons.graph.collections.FibonacciHeap_python_partial.json, FibonacciHeap, 484-491:remove0, success, 6
commons-graph.src.main.org.apache.commons.graph.collections.FibonacciHeap_python_partial.json, FibonacciHeap, 475-477:potential, success, 2
commons-graph.src.main.org.apache.commons.graph.collections.FibonacciHeap_python_partial.json, FibonacciHeap, 431-468:poll, success, 35
commons-graph.src.main.org.apache.commons.graph.collections.FibonacciHeap_python_partial.json, FibonacciHeap, 406-412:peek, success, 5
commons-graph.src.main.org.apache.commons.graph.collections.FibonacciHeap_python_partial.json, FibonacciHeap, 401-403:offer, success, 13
commons-graph.src.main.org.apache.commons.graph.collections.FibonacciHeap_python_partial.json, FibonacciHeap, 336-338:iterator, success, 2
commons-graph.src.main.org.apache.commons.graph.collections.FibonacciHeap_python_partial.json, FibonacciHeap, 331-333:isEmpty, success, 2
commons-graph.src.main.org.apache.commons.graph.collections.FibonacciHeap_python_partial.json, FibonacciHeap, 323-328:element, success, 4
commons-graph.src.main.org.apache.commons.graph.collections.FibonacciHeap_python_partial.json, FibonacciHeap, 286-298:containsAll, success, 10
commons-graph.src.main.org.apache.commons.graph.collections.FibonacciHeap_python_partial.json, FibonacciHeap, 277-283:contains, success, 6
commons-graph.src.main.org.apache.commons.graph.collections.FibonacciHeap_python_partial.json, FibonacciHeap, 158-164:clear, success, 7
commons-graph.src.main.org.apache.commons.graph.collections.FibonacciHeap_python_partial.json, FibonacciHeap, 122-128:addAll, success, 8
commons-graph.src.main.org.apache.commons.graph.collections.FibonacciHeap_python_partial.json, FibonacciHeap, 107-119:add, success, 13
commons-graph.src.main.org.apache.commons.graph.collections.FibonacciHeap_python_partial.json, FibonacciHeap, 80-82:FibonacciHeap1, success, 3
commons-graph.src.main.org.apache.commons.graph.collections.FibonacciHeap_python_partial.json, FibonacciHeap, 76-78:FibonacciHeap, success, 9
commons-graph.src.main.org.apache.commons.graph.collections.FibonacciHeap_python_partial.json, FibonacciHeap, 382-398:moveToRoot, success, 15
commons-graph.src.main.org.apache.commons.graph.collections.FibonacciHeap_python_partial.json, FibonacciHeap, 351-372:link, success, 21
commons-graph.src.main.org.apache.commons.graph.collections.FibonacciHeap_python_partial.json, FibonacciHeap, 312-320:cut, success, 9
commons-graph.src.main.org.apache.commons.graph.collections.FibonacciHeap_python_partial.json, FibonacciHeap, 208-274:consolidate, success, 54
commons-graph.src.main.org.apache.commons.graph.collections.FibonacciHeap_python_partial.json, FibonacciHeap, 175-182:compare, success, 7
commons-graph.src.main.org.apache.commons.graph.collections.FibonacciHeap_python_partial.json, FibonacciHeap, 143-155:cascadingCut, success, 11
commons-graph.src.main.org.apache.commons.graph.visit.DefaultVisitSourceSelector_python_partial.json, DefaultVisitSourceSelector, 44-48:from, success, 5
commons-graph.src.main.org.apache.commons.graph.visit.DefaultVisitSourceSelector_python_partial.json, DefaultVisitSourceSelector, 39-41:DefaultVisitSourceSelector, success, 2
commons-graph.src.main.org.apache.commons.graph.spanning.SpanningWeightedEdgeMapperBuilder_python_partial.json, SpanningWeightedEdgeMapperBuilder, 26-26:whereEdgesHaveWeights, success, 2
commons-graph.src.main.org.apache.commons.graph.GraphException_python_partial.json, GraphException, 51-53:GraphException, error, 3
commons-graph.src.main.org.apache.commons.graph.spanning.SuperVertex_python_partial.json, SuperVertex, 105-116:merge, success, 9
commons-graph.src.main.org.apache.commons.graph.spanning.SuperVertex_python_partial.json, SuperVertex, 94-96:iterator, success, 2
commons-graph.src.main.org.apache.commons.graph.spanning.SuperVertex_python_partial.json, SuperVertex, 80-91:getMinimumWeightEdge, success, 10
commons-graph.src.main.org.apache.commons.graph.spanning.SuperVertex_python_partial.json, SuperVertex, 58-73:SuperVertex, success, 12
commons-graph.src.main.org.apache.commons.graph.spanning.SpanningTreeAlgorithmSelector_python_partial.json, SpanningTreeAlgorithmSelector, 63-63:applyingPrimAlgorithm, success, 4
commons-graph.src.main.org.apache.commons.graph.spanning.SpanningTreeAlgorithmSelector_python_partial.json, SpanningTreeAlgorithmSelector, 53-55:applyingKruskalAlgorithm, success, 3
commons-graph.src.main.org.apache.commons.graph.spanning.SpanningTreeAlgorithmSelector_python_partial.json, SpanningTreeAlgorithmSelector, 42-44:applyingBoruvkaAlgorithm, success, 3
commons-graph.src.main.org.apache.commons.graph.spanning.ShortestEdges_python_partial.json, ShortestEdges, 163-165:toString, success, 2
commons-graph.src.main.org.apache.commons.graph.spanning.ShortestEdges_python_partial.json, ShortestEdges, 157-159:isEmpty, success, 2
commons-graph.src.main.org.apache.commons.graph.spanning.ShortestEdges_python_partial.json, ShortestEdges, 148-150:hasWeight, success, 2
commons-graph.src.main.org.apache.commons.graph.spanning.ShortestEdges_python_partial.json, ShortestEdges, 128-140:getWeight, success, 11
commons-graph.src.main.org.apache.commons.graph.spanning.ShortestEdges_python_partial.json, ShortestEdges, 100-117:createSpanningTree, success, 16
commons-graph.src.main.org.apache.commons.graph.spanning.ShortestEdges_python_partial.json, ShortestEdges, 84-93:compare, success, 10
commons-graph.src.main.org.apache.commons.graph.spanning.ShortestEdges_python_partial.json, ShortestEdges, 79-81:addPredecessor, success, 2
commons-graph.src.main.org.apache.commons.graph.spanning.ShortestEdges_python_partial.json, ShortestEdges, 62-71:ShortestEdges, success, 7
commons-graph.src.main.org.apache.commons.graph.spanning.ShortestEdges_python_partial.json, ShortestEdges, 44-50:addEdgeIgnoringExceptions, success, 7
commons-graph.src.main.org.apache.commons.graph.model.MutableSpanningTree_python_partial.json, MutableSpanningTree, 68-70:decorateRemoveEdge, success, 2
commons-graph.src.main.org.apache.commons.graph.model.MutableSpanningTree_python_partial.json, MutableSpanningTree, 61-64:decorateAddEdge, success, 4
commons-graph.src.main.org.apache.commons.graph.model.MutableSpanningTree_python_partial.json, MutableSpanningTree, 73-75:getWeight, success, 2
commons-graph.src.main.org.apache.commons.graph.model.MutableSpanningTree_python_partial.json, MutableSpanningTree, 52-57:MutableSpanningTree, success, 6
commons-graph.src.main.org.apache.commons.graph.collections.DisjointSet_python_partial.json, DisjointSet, 92-109:union, success, 16
commons-graph.src.main.org.apache.commons.graph.collections.DisjointSet_python_partial.json, DisjointSet, 55-65:find1, success, 9
commons-graph.src.main.org.apache.commons.graph.collections.DisjointSet_python_partial.json, DisjointSet, 74-83:getNode, success, 9
commons-graph.src.main.org.apache.commons.graph.collections.DisjointSet_python_partial.json, DisjointSet, 42-47:find0, success, 4
commons-graph.src.main.org.apache.commons.graph.builder.HeadVertexConnector_python_partial.json, HeadVertexConnector, 37-37:from, success, 2
commons-graph.src.main.org.apache.commons.graph.builder.DefaultTailVertexConnector_python_partial.json, DefaultTailVertexConnector, 40-43:to, success, 4
commons-graph.src.main.org.apache.commons.graph.builder.DefaultTailVertexConnector_python_partial.json, DefaultTailVertexConnector, 34-38:DefaultTailVertexConnector, success, 8
commons-graph.src.main.org.apache.commons.graph.flow.ToTailBuilder_python_partial.json, ToTailBuilder, 37-37:to, success, 2
commons-graph.src.main.org.apache.commons.graph.elo.PlayersRank_python_partial.json, PlayersRank, 43-43:updateRanking, success, 2
commons-graph.src.main.org.apache.commons.graph.elo.PlayersRank_python_partial.json, PlayersRank, 35-35:getRanking, success, 2
commons-graph.src.main.org.apache.commons.graph.coloring.ColoringAlgorithmsSelector_python_partial.json, ColoringAlgorithmsSelector, 54-54:applyingGreedyAlgorithm, success, 3
commons-graph.src.main.org.apache.commons.graph.coloring.ColoringAlgorithmsSelector_python_partial.json, ColoringAlgorithmsSelector, 46-48:applyingBackTrackingAlgorithm1, success, 4
commons-graph.src.main.org.apache.commons.graph.coloring.ColoringAlgorithmsSelector_python_partial.json, ColoringAlgorithmsSelector, 37-37:applyingBackTrackingAlgorithm0, success, 3
commons-graph.src.main.org.apache.commons.graph.export.ExportSelector_python_partial.json, ExportSelector, 36-36:usingDotNotation, success, 3
commons-graph.src.main.org.apache.commons.graph.export.AbstractExporter_python_partial.json, AbstractExporter, 115-163:to2, success, 34
commons-graph.src.main.org.apache.commons.graph.export.AbstractExporter_python_partial.json, AbstractExporter, 108-113:to1, success, 15
commons-graph.src.main.org.apache.commons.graph.export.AbstractExporter_python_partial.json, AbstractExporter, 97-106:to0, success, 10
commons-graph.src.main.org.apache.commons.graph.export.AbstractExporter_python_partial.json, AbstractExporter, 89-91:getWriter, success, 2
commons-graph.src.main.org.apache.commons.graph.export.AbstractExporter_python_partial.json, AbstractExporter, 85-87:getGraph, success, 2
commons-graph.src.main.org.apache.commons.graph.export.AbstractExporter_python_partial.json, AbstractExporter, 68-70:addVertexProperty, success, 2
commons-graph.src.main.org.apache.commons.graph.export.AbstractExporter_python_partial.json, AbstractExporter, 64-66:addEdgeProperty, success, 2
commons-graph.src.main.org.apache.commons.graph.export.AbstractExporter_python_partial.json, AbstractExporter, 56-62:AbstractExporter, success, 7
commons-graph.src.main.org.apache.commons.graph.export.AbstractExporter_python_partial.json, AbstractExporter, 165-165:vertex, success, 2
commons-graph.src.main.org.apache.commons.graph.export.AbstractExporter_python_partial.json, AbstractExporter, 95-95:startSerialization, success, 3
commons-graph.src.main.org.apache.commons.graph.export.AbstractExporter_python_partial.json, AbstractExporter, 93-93:startGraph, success, 8
commons-graph.src.main.org.apache.commons.graph.export.AbstractExporter_python_partial.json, AbstractExporter, 83-83:enlistVerticesProperty, success, 2
commons-graph.src.main.org.apache.commons.graph.export.AbstractExporter_python_partial.json, AbstractExporter, 81-81:enlistEdgesProperty, success, 2
commons-graph.src.main.org.apache.commons.graph.export.AbstractExporter_python_partial.json, AbstractExporter, 79-79:endSerialization, success, 5
commons-graph.src.main.org.apache.commons.graph.export.AbstractExporter_python_partial.json, AbstractExporter, 77-77:endGraph, success, 3
commons-graph.src.main.org.apache.commons.graph.export.AbstractExporter_python_partial.json, AbstractExporter, 74-76:edge, success, 3
commons-graph.src.main.org.apache.commons.graph.export.AbstractExporter_python_partial.json, AbstractExporter, 72-72:comment, success, 2
commons-graph.src.main.org.apache.commons.graph.shortestpath.ShortestPathAlgorithmSelector_python_partial.json, ShortestPathAlgorithmSelector, 60-60:applyingDijkstra, success, 4
commons-graph.src.main.org.apache.commons.graph.shortestpath.ShortestPathAlgorithmSelector_python_partial.json, ShortestPathAlgorithmSelector, 49-51:applyingBidirectionalDijkstra, success, 4
commons-graph.src.main.org.apache.commons.graph.shortestpath.ShortestPathAlgorithmSelector_python_partial.json, ShortestPathAlgorithmSelector, 39-39:applyingAStar, success, 2
commons-graph.src.main.org.apache.commons.graph.shortestpath.DefaultHeuristicBuilder_python_partial.json, DefaultHeuristicBuilder, 61-114:withHeuristic, success, 39
commons-graph.src.main.org.apache.commons.graph.shortestpath.DefaultHeuristicBuilder_python_partial.json, DefaultHeuristicBuilder, 47-58:DefaultHeuristicBuilder, success, 7
commons-graph.src.main.org.apache.commons.graph.builder.AbstractGraphConnection_python_partial.json, AbstractGraphConnection, 64-73:connect1, success, 9
commons-graph.src.main.org.apache.commons.graph.builder.AbstractGraphConnection_python_partial.json, AbstractGraphConnection, 59-61:connect, success, 9
commons-graph.src.main.org.apache.commons.graph.builder.AbstractGraphConnection_python_partial.json, AbstractGraphConnection, 52-54:addVertex, success, 2
commons-graph.src.main.org.apache.commons.graph.builder.AbstractGraphConnection_python_partial.json, AbstractGraphConnection, 41-43:addEdge, success, 2
commons-graph.src.main.org.apache.commons.graph.builder.AbstractGraphConnection_python_partial.json, AbstractGraphConnection, 57-57:connect0, success, 2
commons-graph.src.main.org.apache.commons.graph.flow.FlowNetworkHandler_python_partial.json, FlowNetworkHandler, 129-131:onCompleted, success, 2
commons-graph.src.main.org.apache.commons.graph.flow.FlowNetworkHandler_python_partial.json, FlowNetworkHandler, 99-102:discoverGraph, success, 4
commons-graph.src.main.org.apache.commons.graph.flow.FlowNetworkHandler_python_partial.json, FlowNetworkHandler, 88-95:discoverEdge, success, 7
commons-graph.src.main.org.apache.commons.graph.flow.FlowNetworkHandler_python_partial.json, FlowNetworkHandler, 110-116:finishVertex, success, 7
commons-graph.src.main.org.apache.commons.graph.flow.FlowNetworkHandler_python_partial.json, FlowNetworkHandler, 105-107:discoverVertex, success, 3
commons-graph.src.main.org.apache.commons.graph.flow.FlowNetworkHandler_python_partial.json, FlowNetworkHandler, 137-163:updateResidualNetworkWithCurrentAugmentingPath, success, 19
commons-graph.src.main.org.apache.commons.graph.flow.FlowNetworkHandler_python_partial.json, FlowNetworkHandler, 124-126:hasAugmentingPath, success, 2
commons-graph.src.main.org.apache.commons.graph.flow.FlowNetworkHandler_python_partial.json, FlowNetworkHandler, 65-84:FlowNetworkHandler, success, 14
commons-graph.src.main.org.apache.commons.graph.builder.GraphConnection_python_partial.json, GraphConnection, 35-35:connect, success, 2
commons-graph.src.main.org.apache.commons.graph.CommonsGraph_python_partial.json, CommonsGraph, 354-357:visit, success, 5
commons-graph.src.main.org.apache.commons.graph.CommonsGraph_python_partial.json, CommonsGraph, 341-343:synchronize3, success, 3
commons-graph.src.main.org.apache.commons.graph.CommonsGraph_python_partial.json, CommonsGraph, 310-312:synchronize2, success, 3
commons-graph.src.main.org.apache.commons.graph.CommonsGraph_python_partial.json, CommonsGraph, 279-281:synchronize1, success, 3
commons-graph.src.main.org.apache.commons.graph.CommonsGraph_python_partial.json, CommonsGraph, 248-250:synchronize0, success, 3
commons-graph.src.main.org.apache.commons.graph.CommonsGraph_python_partial.json, CommonsGraph, 215-219:populate, success, 4
commons-graph.src.main.org.apache.commons.graph.CommonsGraph_python_partial.json, CommonsGraph, 201-204:newUndirectedMutableGraph, success, 4
commons-graph.src.main.org.apache.commons.graph.CommonsGraph_python_partial.json, CommonsGraph, 187-190:newDirectedMutableGraph, success, 4
commons-graph.src.main.org.apache.commons.graph.CommonsGraph_python_partial.json, CommonsGraph, 172-176:minimumSpanningTree, success, 5
commons-graph.src.main.org.apache.commons.graph.CommonsGraph_python_partial.json, CommonsGraph, 154-161:findStronglyConnectedComponent, success, 5
commons-graph.src.main.org.apache.commons.graph.CommonsGraph_python_partial.json, CommonsGraph, 139-143:findShortestPath, success, 5
commons-graph.src.main.org.apache.commons.graph.CommonsGraph_python_partial.json, CommonsGraph, 124-128:findMaxFlow, success, 5
commons-graph.src.main.org.apache.commons.graph.CommonsGraph_python_partial.json, CommonsGraph, 109-113:findConnectedComponent, success, 5
commons-graph.src.main.org.apache.commons.graph.CommonsGraph_python_partial.json, CommonsGraph, 95-98:export, success, 5
commons-graph.src.main.org.apache.commons.graph.CommonsGraph_python_partial.json, CommonsGraph, 79-84:eloRate, success, 5
commons-graph.src.main.org.apache.commons.graph.CommonsGraph_python_partial.json, CommonsGraph, 64-67:coloring, success, 5
commons-graph.src.main.org.apache.commons.graph.CommonsGraph_python_partial.json, CommonsGraph, 360-360:CommonsGraph, success, 2
commons-graph.src.main.org.apache.commons.graph.spanning.ReverseDeleteGraph_python_partial.json, ReverseDeleteGraph, 106-121:getVertices1, success, 13
commons-graph.src.main.org.apache.commons.graph.spanning.ReverseDeleteGraph_python_partial.json, ReverseDeleteGraph, 102-104:getVertices0, success, 2
commons-graph.src.main.org.apache.commons.graph.spanning.ReverseDeleteGraph_python_partial.json, ReverseDeleteGraph, 98-100:getSize, success, 2
commons-graph.src.main.org.apache.commons.graph.spanning.ReverseDeleteGraph_python_partial.json, ReverseDeleteGraph, 94-96:getOrder, success, 2
commons-graph.src.main.org.apache.commons.graph.spanning.ReverseDeleteGraph_python_partial.json, ReverseDeleteGraph, 87-92:getEdges, success, 5
commons-graph.src.main.org.apache.commons.graph.spanning.ReverseDeleteGraph_python_partial.json, ReverseDeleteGraph, 75-85:getEdge, success, 11
commons-graph.src.main.org.apache.commons.graph.spanning.ReverseDeleteGraph_python_partial.json, ReverseDeleteGraph, 71-73:getDegree, success, 3
commons-graph.src.main.org.apache.commons.graph.spanning.ReverseDeleteGraph_python_partial.json, ReverseDeleteGraph, 59-69:getConnectedVertices, success, 8
commons-graph.src.main.org.apache.commons.graph.spanning.ReverseDeleteGraph_python_partial.json, ReverseDeleteGraph, 55-57:containsVertex, success, 2
commons-graph.src.main.org.apache.commons.graph.spanning.ReverseDeleteGraph_python_partial.json, ReverseDeleteGraph, 51-53:containsEdge, success, 2
commons-graph.src.main.org.apache.commons.graph.spanning.ReverseDeleteGraph_python_partial.json, ReverseDeleteGraph, 44-49:ReverseDeleteGraph, success, 5
commons-graph.src.main.org.apache.commons.graph.spanning.DefaultSpanningTreeAlgorithmSelector_python_partial.json, DefaultSpanningTreeAlgorithmSelector, 200-235:applyingPrimAlgorithm, success, 33
commons-graph.src.main.org.apache.commons.graph.spanning.DefaultSpanningTreeAlgorithmSelector_python_partial.json, DefaultSpanningTreeAlgorithmSelector, 157-197:applyingKruskalAlgorithm, success, 37
commons-graph.src.main.org.apache.commons.graph.spanning.DefaultSpanningTreeAlgorithmSelector_python_partial.json, DefaultSpanningTreeAlgorithmSelector, 74-154:applyingBoruvkaAlgorithm, success, 51
commons-graph.src.main.org.apache.commons.graph.spanning.DefaultSpanningTreeAlgorithmSelector_python_partial.json, DefaultSpanningTreeAlgorithmSelector, 66-71:DefaultSpanningTreeAlgorithmSelector, success, 5
commons-graph.src.main.org.apache.commons.graph.shortestpath.TargetSourceSelector_python_partial.json, TargetSourceSelector, 46-46:to, success, 2
commons-graph.src.main.org.apache.commons.graph.shortestpath.TargetSourceSelector_python_partial.json, TargetSourceSelector, 38-40:applyingBelmannFord, success, 6
commons-graph.src.main.org.apache.commons.graph.shortestpath.PathWeightedEdgesBuilder_python_partial.json, PathWeightedEdgesBuilder, 26-28:whereEdgesHaveWeights, success, 2
commons-graph.src.main.org.apache.commons.graph.shortestpath.PathSourceSelector_python_partial.json, PathSourceSelector, 46-46:from, success, 2
commons-graph.src.main.org.apache.commons.graph.shortestpath.PathSourceSelector_python_partial.json, PathSourceSelector, 38-40:applyingFloydWarshall, success, 3
commons-graph.src.main.org.apache.commons.graph.builder.GraphConnector_python_partial.json, GraphConnector, 46-46:addVertex, success, 2
commons-graph.src.main.org.apache.commons.graph.builder.GraphConnector_python_partial.json, GraphConnector, 37-37:addEdge, success, 2
commons-graph.src.main.org.apache.commons.graph.builder.DefaultHeadVertexConnector_python_partial.json, DefaultHeadVertexConnector, 37-40:from, success, 4
commons-graph.src.main.org.apache.commons.graph.builder.DefaultHeadVertexConnector_python_partial.json, DefaultHeadVertexConnector, 32-35:DefaultHeadVertexConnector, success, 4
commons-graph.src.main.org.apache.commons.graph.elo.KFactorBuilder_python_partial.json, KFactorBuilder, 33-33:withKFactor, success, 2
commons-graph.src.main.org.apache.commons.graph.elo.KFactorBuilder_python_partial.json, KFactorBuilder, 30-30:withDefaultKFactor, success, 2
commons-graph.src.main.org.apache.commons.graph.scc.SccAlgorithmSelector_python_partial.json, SccAlgorithmSelector, 68-68:applyingTarjan, success, 3
commons-graph.src.main.org.apache.commons.graph.scc.SccAlgorithmSelector_python_partial.json, SccAlgorithmSelector, 57-57:applyingKosarajuSharir1, success, 3
commons-graph.src.main.org.apache.commons.graph.scc.SccAlgorithmSelector_python_partial.json, SccAlgorithmSelector, 48-48:applyingKosarajuSharir0, success, 3
commons-graph.src.main.org.apache.commons.graph.scc.SccAlgorithmSelector_python_partial.json, SccAlgorithmSelector, 38-38:applyingCheriyanMehlhornGabow, success, 2
commons-graph.src.main.org.apache.commons.graph.weight.primitive.DoubleWeightBaseOperations_python_partial.json, DoubleWeightBaseOperations, 50-52:inverse, success, 2
commons-graph.src.main.org.apache.commons.graph.weight.primitive.DoubleWeightBaseOperations_python_partial.json, DoubleWeightBaseOperations, 45-47:identity, success, 2
commons-graph.src.main.org.apache.commons.graph.weight.primitive.DoubleWeightBaseOperations_python_partial.json, DoubleWeightBaseOperations, 40-42:compare, success, 8
commons-graph.src.main.org.apache.commons.graph.weight.primitive.DoubleWeightBaseOperations_python_partial.json, DoubleWeightBaseOperations, 32-37:append, success, 4
commons-graph.src.main.org.apache.commons.graph.shortestpath.AllVertexPairsShortestPath_python_partial.json, AllVertexPairsShortestPath, 142-144:toString, success, 2
commons-graph.src.main.org.apache.commons.graph.shortestpath.AllVertexPairsShortestPath_python_partial.json, AllVertexPairsShortestPath, 91-102:findShortestPath, success, 11
commons-graph.src.main.org.apache.commons.graph.shortestpath.AllVertexPairsShortestPath_python_partial.json, AllVertexPairsShortestPath, 130-139:hasShortestDistance, success, 9
commons-graph.src.main.org.apache.commons.graph.shortestpath.AllVertexPairsShortestPath_python_partial.json, AllVertexPairsShortestPath, 111-120:getShortestDistance, success, 9
commons-graph.src.main.org.apache.commons.graph.shortestpath.AllVertexPairsShortestPath_python_partial.json, AllVertexPairsShortestPath, 73-82:addShortestPath, success, 7
commons-graph.src.main.org.apache.commons.graph.shortestpath.AllVertexPairsShortestPath_python_partial.json, AllVertexPairsShortestPath, 58-66:addShortestDistance, success, 7
commons-graph.src.main.org.apache.commons.graph.shortestpath.AllVertexPairsShortestPath_python_partial.json, AllVertexPairsShortestPath, 49-51:AllVertexPairsShortestPath, success, 5
commons-graph.src.main.org.apache.commons.graph.builder.LinkedConnectionBuilder_python_partial.json, LinkedConnectionBuilder, 39-39:withConnections, success, 2
commons-graph.src.main.org.apache.commons.graph.weight.primitive.IntegerWeightBaseOperations_python_partial.json, IntegerWeightBaseOperations, 51-53:inverse, success, 2
commons-graph.src.main.org.apache.commons.graph.weight.primitive.IntegerWeightBaseOperations_python_partial.json, IntegerWeightBaseOperations, 46-48:identity, success, 2
commons-graph.src.main.org.apache.commons.graph.weight.primitive.IntegerWeightBaseOperations_python_partial.json, IntegerWeightBaseOperations, 41-43:compare, success, 8
commons-graph.src.main.org.apache.commons.graph.weight.primitive.IntegerWeightBaseOperations_python_partial.json, IntegerWeightBaseOperations, 33-38:append, success, 4
commons-graph.src.main.org.apache.commons.graph.flow.FromHeadBuilder_python_partial.json, FromHeadBuilder, 37-37:from, success, 2
commons-graph.src.main.org.apache.commons.graph.flow.FlowWeightedEdgesBuilder_python_partial.json, FlowWeightedEdgesBuilder, 38-38:whereEdgesHaveWeights, success, 2
commons-graph.src.main.org.apache.commons.graph.connectivity.ConnectivityBuilder_python_partial.json, ConnectivityBuilder, 43-43:includingVertices, success, 2
commons-graph.src.main.org.apache.commons.graph.connectivity.ConnectivityBuilder_python_partial.json, ConnectivityBuilder, 35-35:includingAllVertices, success, 2
commons-graph.src.main.org.apache.commons.graph.connectivity.ConnectivityAlgorithmsSelector_python_partial.json, ConnectivityAlgorithmsSelector, 38-38:applyingMinimumSpanningTreeAlgorithm, success, 2
commons-graph.src.main.org.apache.commons.graph.elo.RankingSelector_python_partial.json, RankingSelector, 35-35:wherePlayersAreRankedIn, success, 2
commons-graph.src.main.org.apache.commons.graph.coloring.ColorsBuilder_python_partial.json, ColorsBuilder, 39-39:withColors, success, 2
commons-graph.src.main.org.apache.commons.graph.coloring.NotEnoughColorsException_python_partial.json, NotEnoughColorsException, 40-45:NotEnoughColorsException, error, 3
commons-graph.src.main.org.apache.commons.graph.export.NamedExportSelector_python_partial.json, NamedExportSelector, 36-36:withName, success, 2
commons-graph.src.main.org.apache.commons.graph.export.DotExporter_python_partial.json, DotExporter, 137-141:vertex, success, 5
commons-graph.src.main.org.apache.commons.graph.export.DotExporter_python_partial.json, DotExporter, 132-134:startSerialization, success, 3
commons-graph.src.main.org.apache.commons.graph.export.DotExporter_python_partial.json, DotExporter, 117-129:startGraph, success, 12
commons-graph.src.main.org.apache.commons.graph.export.DotExporter_python_partial.json, DotExporter, 87-87:enlistVerticesProperty, success, 2
commons-graph.src.main.org.apache.commons.graph.export.DotExporter_python_partial.json, DotExporter, 84-84:enlistEdgesProperty, success, 2
commons-graph.src.main.org.apache.commons.graph.export.DotExporter_python_partial.json, DotExporter, 81-81:endSerialization, success, 4
commons-graph.src.main.org.apache.commons.graph.export.DotExporter_python_partial.json, DotExporter, 76-78:endGraph, success, 2
commons-graph.src.main.org.apache.commons.graph.export.DotExporter_python_partial.json, DotExporter, 68-73:edge, success, 7
commons-graph.src.main.org.apache.commons.graph.export.DotExporter_python_partial.json, DotExporter, 63-65:comment, success, 2
commons-graph.src.main.org.apache.commons.graph.export.DotExporter_python_partial.json, DotExporter, 153-156:withVertexLabels, success, 4
commons-graph.src.main.org.apache.commons.graph.export.DotExporter_python_partial.json, DotExporter, 148-151:withEdgeWeights, success, 4
commons-graph.src.main.org.apache.commons.graph.export.DotExporter_python_partial.json, DotExporter, 143-146:withEdgeLabels, success, 4
commons-graph.src.main.org.apache.commons.graph.export.DotExporter_python_partial.json, DotExporter, 100-114:printVertexOrEdgeProperties, success, 14
commons-graph.src.main.org.apache.commons.graph.export.DotExporter_python_partial.json, DotExporter, 89-98:generateVertexIdentifiers, success, 10
commons-graph.src.main.org.apache.commons.graph.export.DotExporter_python_partial.json, DotExporter, 57-60:DotExporter, success, 4
commons-graph.src.main.org.apache.commons.graph.scc.SccAlgorithm_python_partial.json, SccAlgorithm, 26-26:perform, success, 2
commons-graph.src.main.org.apache.commons.graph.model.RevertedGraph_python_partial.json, RevertedGraph, 118-121:getVertices1, success, 4
commons-graph.src.main.org.apache.commons.graph.model.RevertedGraph_python_partial.json, RevertedGraph, 113-115:getVertices0, success, 2
commons-graph.src.main.org.apache.commons.graph.model.RevertedGraph_python_partial.json, RevertedGraph, 108-110:getSize, success, 2
commons-graph.src.main.org.apache.commons.graph.model.RevertedGraph_python_partial.json, RevertedGraph, 103-105:getOutDegree, success, 2
commons-graph.src.main.org.apache.commons.graph.model.RevertedGraph_python_partial.json, RevertedGraph, 98-100:getOutbound, success, 2
commons-graph.src.main.org.apache.commons.graph.model.RevertedGraph_python_partial.json, RevertedGraph, 93-95:getOrder, success, 2
commons-graph.src.main.org.apache.commons.graph.model.RevertedGraph_python_partial.json, RevertedGraph, 88-90:getInDegree, success, 2
commons-graph.src.main.org.apache.commons.graph.model.RevertedGraph_python_partial.json, RevertedGraph, 83-85:getInbound, success, 2
commons-graph.src.main.org.apache.commons.graph.model.RevertedGraph_python_partial.json, RevertedGraph, 78-80:getEdges, success, 2
commons-graph.src.main.org.apache.commons.graph.model.RevertedGraph_python_partial.json, RevertedGraph, 73-75:getEdge, success, 2
commons-graph.src.main.org.apache.commons.graph.model.RevertedGraph_python_partial.json, RevertedGraph, 68-70:getDegree, success, 2
commons-graph.src.main.org.apache.commons.graph.model.RevertedGraph_python_partial.json, RevertedGraph, 63-65:getConnectedVertices, success, 2
commons-graph.src.main.org.apache.commons.graph.model.RevertedGraph_python_partial.json, RevertedGraph, 58-60:containsVertex, success, 2
commons-graph.src.main.org.apache.commons.graph.model.RevertedGraph_python_partial.json, RevertedGraph, 53-55:containsEdge, success, 2
commons-graph.src.main.org.apache.commons.graph.model.RevertedGraph_python_partial.json, RevertedGraph, 47-50:RevertedGraph, success, 3
commons-graph.src.main.org.apache.commons.graph.scc.TarjanVertexMetaInfo_python_partial.json, TarjanVertexMetaInfo, 46-48:setLowLink, success, 2
commons-graph.src.main.org.apache.commons.graph.scc.TarjanVertexMetaInfo_python_partial.json, TarjanVertexMetaInfo, 42-44:setIndex, success, 2
commons-graph.src.main.org.apache.commons.graph.scc.TarjanVertexMetaInfo_python_partial.json, TarjanVertexMetaInfo, 38-40:hasUndefinedIndex, success, 2
commons-graph.src.main.org.apache.commons.graph.scc.TarjanVertexMetaInfo_python_partial.json, TarjanVertexMetaInfo, 34-36:getLowLink, success, 2
commons-graph.src.main.org.apache.commons.graph.scc.TarjanVertexMetaInfo_python_partial.json, TarjanVertexMetaInfo, 30-32:getIndex, success, 2
commons-graph.src.main.org.apache.commons.graph.shortestpath.NegativeWeightedCycleException_python_partial.json, NegativeWeightedCycleException, 30-33:NegativeWeightedCycleException, error, 3
commons-graph.src.main.org.apache.commons.graph.shortestpath.DefaultShortestPathAlgorithmSelector_python_partial.json, DefaultShortestPathAlgorithmSelector, 201-254:applyingDijkstra, success, 47
commons-graph.src.main.org.apache.commons.graph.shortestpath.DefaultShortestPathAlgorithmSelector_python_partial.json, DefaultShortestPathAlgorithmSelector, 66-198:applyingBidirectionalDijkstra, success, 115
commons-graph.src.main.org.apache.commons.graph.shortestpath.DefaultShortestPathAlgorithmSelector_python_partial.json, DefaultShortestPathAlgorithmSelector, 55-63:applyingAStar, success, 10
commons-graph.src.main.org.apache.commons.graph.shortestpath.DefaultShortestPathAlgorithmSelector_python_partial.json, DefaultShortestPathAlgorithmSelector, 46-52:DefaultShortestPathAlgorithmSelector, success, 6
commons-graph.src.main.org.apache.commons.graph.Path_python_partial.json, Path, 43-43:getTarget, success, 2
commons-graph.src.main.org.apache.commons.graph.Path_python_partial.json, Path, 36-36:getSource, success, 2
commons-graph.src.main.org.apache.commons.graph.flow.DefaultFromHeadBuilder_python_partial.json, DefaultFromHeadBuilder, 45-48:from, success, 4
commons-graph.src.main.org.apache.commons.graph.flow.DefaultFromHeadBuilder_python_partial.json, DefaultFromHeadBuilder, 40-43:DefaultFromHeadBuilder, success, 4
commons-graph.src.main.org.apache.commons.graph.flow.DefaultMaxFlowAlgorithmSelector_python_partial.json, EdgeWrapper, 54-56:getWrapped, success, 2
commons-graph.src.main.org.apache.commons.graph.flow.DefaultMaxFlowAlgorithmSelector_python_partial.json, EdgeWrapper, 50-52:EdgeWrapper1, success, 3
commons-graph.src.main.org.apache.commons.graph.flow.DefaultMaxFlowAlgorithmSelector_python_partial.json, EdgeWrapper, 46-48:EdgeWrapper, success, 2
commons-graph.src.main.org.apache.commons.graph.flow.DefaultMaxFlowAlgorithmSelector_python_partial.json, MapperWrapper, 72-77:map, success, 5
commons-graph.src.main.org.apache.commons.graph.flow.DefaultMaxFlowAlgorithmSelector_python_partial.json, MapperWrapper, 67-70:MapperWrapper, success, 4
commons-graph.src.main.org.apache.commons.graph.flow.DefaultMaxFlowAlgorithmSelector_python_partial.json, DefaultMaxFlowAlgorithmSelector, 125-150:applyingFordFulkerson, success, 24
commons-graph.src.main.org.apache.commons.graph.flow.DefaultMaxFlowAlgorithmSelector_python_partial.json, DefaultMaxFlowAlgorithmSelector, 97-122:applyingEdmondsKarp, success, 24
commons-graph.src.main.org.apache.commons.graph.flow.DefaultMaxFlowAlgorithmSelector_python_partial.json, DefaultMaxFlowAlgorithmSelector, 88-94:DefaultMaxFlowAlgorithmSelector, success, 6
commons-graph.src.main.org.apache.commons.graph.flow.DefaultMaxFlowAlgorithmSelector_python_partial.json, DefaultMaxFlowAlgorithmSelector, 152-175:newFlowNetwok, success, 1
commons-graph.src.main.org.apache.commons.graph.spanning.DefaultSpanningTreeSourceSelector_python_partial.json, DefaultSpanningTreeSourceSelector, 122-129:fromSource, success, 5
commons-graph.src.main.org.apache.commons.graph.spanning.DefaultSpanningTreeSourceSelector_python_partial.json, DefaultSpanningTreeSourceSelector, 116-119:fromArbitrarySource, success, 4
commons-graph.src.main.org.apache.commons.graph.spanning.DefaultSpanningTreeSourceSelector_python_partial.json, DefaultSpanningTreeSourceSelector, 61-113:applyingReverseDeleteAlgorithm, success, 47
commons-graph.src.main.org.apache.commons.graph.spanning.DefaultSpanningTreeSourceSelector_python_partial.json, DefaultSpanningTreeSourceSelector, 55-58:DefaultSpanningTreeSourceSelector, success, 4
commons-graph.src.main.org.apache.commons.graph.connectivity.DefaultConnectivityAlgorithmsSelector_python_partial.json, DefaultConnectivityAlgorithmsSelector, 58-78:applyingMinimumSpanningTreeAlgorithm, success, 20
commons-graph.src.main.org.apache.commons.graph.connectivity.DefaultConnectivityAlgorithmsSelector_python_partial.json, DefaultConnectivityAlgorithmsSelector, 52-55:DefaultConnectivityAlgorithmsSelector, success, 4
commons-graph.src.main.org.apache.commons.graph.builder.DefaultGrapher_python_partial.json, DefaultGrapher, 39-43:addVertex, success, 5
commons-graph.src.main.org.apache.commons.graph.builder.DefaultGrapher_python_partial.json, DefaultGrapher, 34-37:addEdge, success, 4
commons-graph.src.main.org.apache.commons.graph.builder.DefaultGrapher_python_partial.json, DefaultGrapher, 30-32:DefaultGrapher, success, 2
commons-graph.src.main.org.apache.commons.graph.elo.DefaultKFactorBuilder_python_partial.json, DefaultKFactorBuilder, 92-99:withKFactor, success, 6
commons-graph.src.main.org.apache.commons.graph.elo.DefaultKFactorBuilder_python_partial.json, DefaultKFactorBuilder, 88-90:withDefaultKFactor, success, 6
commons-graph.src.main.org.apache.commons.graph.elo.DefaultKFactorBuilder_python_partial.json, DefaultKFactorBuilder, 42-46:DefaultKFactorBuilder, success, 4
commons-graph.src.main.org.apache.commons.graph.elo.DefaultKFactorBuilder_python_partial.json, DefaultKFactorBuilder, 83-86:updateRanking, success, 4
commons-graph.src.main.org.apache.commons.graph.elo.DefaultKFactorBuilder_python_partial.json, DefaultKFactorBuilder, 53-81:evaluateMatch, success, 20
commons-graph.src.main.org.apache.commons.graph.elo.DefaultKFactorBuilder_python_partial.json, DefaultKFactorBuilder, 48-51:calculateQFactor, success, 4
commons-graph.src.main.org.apache.commons.graph.elo.DefaultKFactorBuilder_python_partial.json, DefaultKFactorBuilder, 34-36:calculateEFactor, success, 3
commons-graph.src.main.org.apache.commons.graph.coloring.UncoloredOrderedVertices_python_partial.json, UncoloredOrderedVertices, 98-100:size, success, 2
commons-graph.src.main.org.apache.commons.graph.coloring.UncoloredOrderedVertices_python_partial.json, UncoloredOrderedVertices, 53-91:iterator, success, 31
commons-graph.src.main.org.apache.commons.graph.coloring.UncoloredOrderedVertices_python_partial.json, UncoloredOrderedVertices, 49-51:compare, success, 2
commons-graph.src.main.org.apache.commons.graph.coloring.UncoloredOrderedVertices_python_partial.json, UncoloredOrderedVertices, 37-46:addVertexDegree, success, 9
commons-graph.src.main.org.apache.commons.graph.SynchronizedGraph_python_partial.json, SynchronizedGraph, 138-140:toString, success, 2
commons-graph.src.main.org.apache.commons.graph.SynchronizedGraph_python_partial.json, SynchronizedGraph, 129-135:hashCode, success, 7
commons-graph.src.main.org.apache.commons.graph.SynchronizedGraph_python_partial.json, SynchronizedGraph, 58-70:equals, success, 9
commons-graph.src.main.org.apache.commons.graph.SynchronizedGraph_python_partial.json, SynchronizedGraph, 122-126:getVertices1, success, 3
commons-graph.src.main.org.apache.commons.graph.SynchronizedGraph_python_partial.json, SynchronizedGraph, 115-119:getVertices0, success, 3
commons-graph.src.main.org.apache.commons.graph.SynchronizedGraph_python_partial.json, SynchronizedGraph, 108-112:getSize, success, 3
commons-graph.src.main.org.apache.commons.graph.SynchronizedGraph_python_partial.json, SynchronizedGraph, 101-105:getOrder, success, 3
commons-graph.src.main.org.apache.commons.graph.SynchronizedGraph_python_partial.json, SynchronizedGraph, 94-98:getEdges, success, 3
commons-graph.src.main.org.apache.commons.graph.SynchronizedGraph_python_partial.json, SynchronizedGraph, 87-91:getEdge, success, 3
commons-graph.src.main.org.apache.commons.graph.SynchronizedGraph_python_partial.json, SynchronizedGraph, 80-84:getDegree, success, 3
commons-graph.src.main.org.apache.commons.graph.SynchronizedGraph_python_partial.json, SynchronizedGraph, 73-77:getConnectedVertices, success, 3
commons-graph.src.main.org.apache.commons.graph.SynchronizedGraph_python_partial.json, SynchronizedGraph, 51-55:containsVertex, success, 3
commons-graph.src.main.org.apache.commons.graph.SynchronizedGraph_python_partial.json, SynchronizedGraph, 44-48:containsEdge, success, 3
commons-graph.src.main.org.apache.commons.graph.SynchronizedGraph_python_partial.json, SynchronizedGraph, 38-41:SynchronizedGraph, success, 4
