commons-exec.src.main.org.apache.commons.exec.util.StringUtils_python_partial.json, StringUtils, 231-233:toString, success, 3
commons-exec.src.main.org.apache.commons.exec.util.StringUtils_python_partial.json, StringUtils, 140-220:stringSubstitution, failure, 59
commons-exec.src.main.org.apache.commons.exec.util.StringUtils_python_partial.json, StringUtils, 108-115:split, success, 3
commons-exec.src.main.org.apache.commons.exec.util.StringUtils_python_partial.json, StringUtils, 75-99:quoteArgument, failure, 20
commons-exec.src.main.org.apache.commons.exec.util.StringUtils_python_partial.json, StringUtils, 60-62:isQuoted, failure, 3
commons-exec.src.main.org.apache.commons.exec.util.StringUtils_python_partial.json, StringUtils, 50-52:fixFileSeparatorChar, failure, 3
commons-exec.src.main.org.apache.commons.exec.OS_python_partial.json, OS, 313-315:isVersion, failure, 4
commons-exec.src.main.org.apache.commons.exec.OS_python_partial.json, OS, 232-305:isOs, success, 50
commons-exec.src.main.org.apache.commons.exec.OS_python_partial.json, OS, 219-221:isName, success, 3
commons-exec.src.main.org.apache.commons.exec.OS_python_partial.json, OS, 209-211:isFamilyZOS, success, 3
commons-exec.src.main.org.apache.commons.exec.OS_python_partial.json, OS, 200-202:isFamilyWinNT, success, 3
commons-exec.src.main.org.apache.commons.exec.OS_python_partial.json, OS, 191-193:isFamilyWindows, success, 3
commons-exec.src.main.org.apache.commons.exec.OS_python_partial.json, OS, 182-184:isFamilyWin9x, success, 3
commons-exec.src.main.org.apache.commons.exec.OS_python_partial.json, OS, 173-175:isFamilyUnix, failure, 3
commons-exec.src.main.org.apache.commons.exec.OS_python_partial.json, OS, 164-166:isFamilyTandem, success, 3
commons-exec.src.main.org.apache.commons.exec.OS_python_partial.json, OS, 155-157:isFamilyOS400, success, 3
commons-exec.src.main.org.apache.commons.exec.OS_python_partial.json, OS, 146-148:isFamilyOS2, failure, 3
commons-exec.src.main.org.apache.commons.exec.OS_python_partial.json, OS, 137-139:isFamilyOpenVms, failure, 3
commons-exec.src.main.org.apache.commons.exec.OS_python_partial.json, OS, 128-130:isFamilyNetware, success, 3
commons-exec.src.main.org.apache.commons.exec.OS_python_partial.json, OS, 119-121:isFamilyMac, failure, 4
commons-exec.src.main.org.apache.commons.exec.OS_python_partial.json, OS, 110-112:isFamilyDOS, success, 3
commons-exec.src.main.org.apache.commons.exec.OS_python_partial.json, OS, 91-93:isArch, success, 4
commons-exec.src.main.org.apache.commons.exec.OS_python_partial.json, OS, 320-321:OS, success, 2
commons-exec.src.main.org.apache.commons.exec.OS_python_partial.json, OS, 101-103:isFamily, success, 38
commons-exec.src.main.org.apache.commons.exec.CommandLine_python_partial.json, Argument, 52-54:isHandleQuoting, success, 2
commons-exec.src.main.org.apache.commons.exec.CommandLine_python_partial.json, Argument, 48-50:getValue, success, 2
commons-exec.src.main.org.apache.commons.exec.CommandLine_python_partial.json, Argument, 43-46:Argument, success, 3
commons-exec.src.main.org.apache.commons.exec.CommandLine_python_partial.json, CommandLine, 413-415:toString, success, 2
commons-exec.src.main.org.apache.commons.exec.CommandLine_python_partial.json, CommandLine, 422-427:toStrings, success, 5
commons-exec.src.main.org.apache.commons.exec.CommandLine_python_partial.json, CommandLine, 386-388:setSubstitutionMap, success, 2
commons-exec.src.main.org.apache.commons.exec.CommandLine_python_partial.json, CommandLine, 377-379:isFile, error, 4
commons-exec.src.main.org.apache.commons.exec.CommandLine_python_partial.json, CommandLine, 368-370:getSubstitutionMap, success, 2
commons-exec.src.main.org.apache.commons.exec.CommandLine_python_partial.json, CommandLine, 356-361:getExecutable, success, 6
commons-exec.src.main.org.apache.commons.exec.CommandLine_python_partial.json, CommandLine, 336-349:getArguments, success, 12
commons-exec.src.main.org.apache.commons.exec.CommandLine_python_partial.json, CommandLine, 311-318:addArguments3, success, 6
commons-exec.src.main.org.apache.commons.exec.CommandLine_python_partial.json, CommandLine, 300-302:addArguments2, success, 3
commons-exec.src.main.org.apache.commons.exec.CommandLine_python_partial.json, CommandLine, 285-292:addArguments1, success, 7
commons-exec.src.main.org.apache.commons.exec.CommandLine_python_partial.json, CommandLine, 273-275:addArguments0, success, 3
commons-exec.src.main.org.apache.commons.exec.CommandLine_python_partial.json, CommandLine, 250-264:addArgument1, success, 12
commons-exec.src.main.org.apache.commons.exec.CommandLine_python_partial.json, CommandLine, 239-241:addArgument0, success, 11
commons-exec.src.main.org.apache.commons.exec.CommandLine_python_partial.json, CommandLine, 192-208:CommandLine, error, 15
commons-exec.src.main.org.apache.commons.exec.CommandLine_python_partial.json, CommandLine, 76-93:parse1, success, 16
commons-exec.src.main.org.apache.commons.exec.CommandLine_python_partial.json, CommandLine, 64-66:parse0, success, 9
commons-exec.src.main.org.apache.commons.exec.CommandLine_python_partial.json, CommandLine, 398-404:toCleanExecutable, failure, 7
commons-exec.src.main.org.apache.commons.exec.CommandLine_python_partial.json, CommandLine, 326-329:expandArgument, failure, 4
commons-exec.src.main.org.apache.commons.exec.CommandLine_python_partial.json, CommandLine, 101-165:translateCommandline, error, 56
commons-exec.src.main.org.apache.commons.exec.environment.DefaultProcessingEnvironment_python_partial.json, DefaultProcessingEnvironment, 143-151:runProcEnvCommand, success, 8
commons-exec.src.main.org.apache.commons.exec.environment.DefaultProcessingEnvironment_python_partial.json, DefaultProcessingEnvironment, 71-115:getProcEnvCommand, success, 32
commons-exec.src.main.org.apache.commons.exec.environment.DefaultProcessingEnvironment_python_partial.json, DefaultProcessingEnvironment, 123-133:getProcEnvironment, success, 9
commons-exec.src.main.org.apache.commons.exec.environment.DefaultProcessingEnvironment_python_partial.json, DefaultProcessingEnvironment, 56-62:createProcEnvironment, error, 5
commons-exec.src.main.org.apache.commons.exec.environment.DefaultProcessingEnvironment_python_partial.json, DefaultProcessingEnvironment, 43-48:createEnvironmentMap, success, 4
commons-exec.src.main.org.apache.commons.exec.launcher.CommandLauncher_python_partial.json, CommandLauncher, 63-63:isFailure, success, 2
commons-exec.src.main.org.apache.commons.exec.launcher.CommandLauncher_python_partial.json, CommandLauncher, 50-50:exec1, success, 10
commons-exec.src.main.org.apache.commons.exec.launcher.CommandLauncher_python_partial.json, CommandLauncher, 39-39:exec0, success, 9
commons-exec.src.main.org.apache.commons.exec.environment.EnvironmentUtils_python_partial.json, EnvironmentUtils, 84-89:toStrings, failure, 7
commons-exec.src.main.org.apache.commons.exec.environment.EnvironmentUtils_python_partial.json, EnvironmentUtils, 53-55:getProcEnvironment, success, 5
commons-exec.src.main.org.apache.commons.exec.environment.EnvironmentUtils_python_partial.json, EnvironmentUtils, 41-44:addVariableToEnvironment, success, 5
commons-exec.src.main.org.apache.commons.exec.environment.EnvironmentUtils_python_partial.json, EnvironmentUtils, 94-96:EnvironmentUtils, success, 2
commons-exec.src.main.org.apache.commons.exec.environment.EnvironmentUtils_python_partial.json, EnvironmentUtils, 74-76:toString, success, 3
commons-exec.src.main.org.apache.commons.exec.environment.EnvironmentUtils_python_partial.json, EnvironmentUtils, 63-72:parseEnvironmentVariable, success, 12
commons-exec.src.main.org.apache.commons.exec.Watchdog_python_partial.json, Builder, 48-50:get, error, 2
commons-exec.src.main.org.apache.commons.exec.Watchdog_python_partial.json, Builder, 69-72:setTimeout, error, 3
commons-exec.src.main.org.apache.commons.exec.Watchdog_python_partial.json, Builder, 58-61:setThreadFactory, error, 3
commons-exec.src.main.org.apache.commons.exec.Watchdog_python_partial.json, Watchdog, 148-169:run, error, 15
commons-exec.src.main.org.apache.commons.exec.Watchdog_python_partial.json, Watchdog, 104-106:Watchdog0, success, 5
commons-exec.src.main.org.apache.commons.exec.Watchdog_python_partial.json, Watchdog, 182-185:stop, error, 3
commons-exec.src.main.org.apache.commons.exec.Watchdog_python_partial.json, Watchdog, 174-177:start, error, 5
commons-exec.src.main.org.apache.commons.exec.Watchdog_python_partial.json, Watchdog, 143-145:removeTimeoutObserver, success, 3
commons-exec.src.main.org.apache.commons.exec.Watchdog_python_partial.json, Watchdog, 134-136:fireTimeoutOccured, error, 3
commons-exec.src.main.org.apache.commons.exec.Watchdog_python_partial.json, Watchdog, 127-129:addTimeoutObserver, error, 2
commons-exec.src.main.org.apache.commons.exec.Watchdog_python_partial.json, Watchdog, 82-84:builder, error, 3
commons-exec.src.main.org.apache.commons.exec.Watchdog_python_partial.json, Watchdog, 114-120:Watchdog, error, 7
commons-exec.src.main.org.apache.commons.exec.launcher.CommandLauncherImpl_python_partial.json, CommandLauncherImpl, 43-46:isFailure, failure, 3
commons-exec.src.main.org.apache.commons.exec.launcher.CommandLauncherImpl_python_partial.json, CommandLauncherImpl, 33-36:exec0, success, 3
commons-exec.src.main.org.apache.commons.exec.launcher.CommandLauncherImpl_python_partial.json, CommandLauncherImpl, 38-39:exec1, success, 13
commons-exec.src.main.org.apache.commons.exec.util.DebugUtils_python_partial.json, DebugUtils, 70-73:isLenientEnabled, success, 4
commons-exec.src.main.org.apache.commons.exec.util.DebugUtils_python_partial.json, DebugUtils, 60-63:isDebugEnabled, success, 4
commons-exec.src.main.org.apache.commons.exec.util.DebugUtils_python_partial.json, DebugUtils, 42-53:handleException, error, 9
commons-exec.src.main.org.apache.commons.exec.TimeoutObserver_python_partial.json, TimeoutObserver, 32-32:timeoutOccured, success, 2
commons-exec.src.main.org.apache.commons.exec.ExecuteException_python_partial.json, ExecuteException, 65-67:getExitValue, failure, 2
commons-exec.src.main.org.apache.commons.exec.ExecuteException_python_partial.json, ExecuteException, 55-58:ExecuteException, failure, 3
commons-exec.src.main.org.apache.commons.exec.launcher.Java13CommandLauncher_python_partial.json, Java13CommandLauncher, 47-49:exec1, error, 3
commons-exec.src.main.org.apache.commons.exec.launcher.Java13CommandLauncher_python_partial.json, Java13CommandLauncher, 35-36:Java13CommandLauncher, success, 2
commons-exec.src.main.org.apache.commons.exec.ProcessDestroyer_python_partial.json, ProcessDestroyer, 48-48:size, success, 2
commons-exec.src.main.org.apache.commons.exec.ProcessDestroyer_python_partial.json, ProcessDestroyer, 41-41:remove, success, 13
commons-exec.src.main.org.apache.commons.exec.ProcessDestroyer_python_partial.json, ProcessDestroyer, 33-33:add, success, 4
commons-exec.src.main.org.apache.commons.exec.ExecuteWatchdog_python_partial.json, Builder, 70-72:get, error, 2
commons-exec.src.main.org.apache.commons.exec.ExecuteWatchdog_python_partial.json, Builder, 91-94:setTimeout, error, 3
commons-exec.src.main.org.apache.commons.exec.ExecuteWatchdog_python_partial.json, Builder, 80-83:setThreadFactory, success, 3
commons-exec.src.main.org.apache.commons.exec.ExecuteWatchdog_python_partial.json, ExecuteWatchdog, 286-308:timeoutOccured, error, 18
commons-exec.src.main.org.apache.commons.exec.ExecuteWatchdog_python_partial.json, ExecuteWatchdog, 147-149:ExecuteWatchdog0, error, 3
commons-exec.src.main.org.apache.commons.exec.ExecuteWatchdog_python_partial.json, ExecuteWatchdog, 274-280:stop, error, 5
commons-exec.src.main.org.apache.commons.exec.ExecuteWatchdog_python_partial.json, ExecuteWatchdog, 255-269:start, error, 12
commons-exec.src.main.org.apache.commons.exec.ExecuteWatchdog_python_partial.json, ExecuteWatchdog, 241-243:killedProcess, error, 2
commons-exec.src.main.org.apache.commons.exec.ExecuteWatchdog_python_partial.json, ExecuteWatchdog, 231-234:isWatching, error, 3
commons-exec.src.main.org.apache.commons.exec.ExecuteWatchdog_python_partial.json, ExecuteWatchdog, 220-224:failedToStart, success, 4
commons-exec.src.main.org.apache.commons.exec.ExecuteWatchdog_python_partial.json, ExecuteWatchdog, 194-198:destroyProcess, error, 4
commons-exec.src.main.org.apache.commons.exec.ExecuteWatchdog_python_partial.json, ExecuteWatchdog, 186-189:cleanUp, error, 3
commons-exec.src.main.org.apache.commons.exec.ExecuteWatchdog_python_partial.json, ExecuteWatchdog, 177-181:checkException, error, 3
commons-exec.src.main.org.apache.commons.exec.ExecuteWatchdog_python_partial.json, ExecuteWatchdog, 110-112:builder, error, 3
commons-exec.src.main.org.apache.commons.exec.ExecuteWatchdog_python_partial.json, ExecuteWatchdog, 204-212:ensureStarted, error, 7
commons-exec.src.main.org.apache.commons.exec.ExecuteWatchdog_python_partial.json, ExecuteWatchdog, 157-169:ExecuteWatchdog, error, 11
commons-exec.src.main.org.apache.commons.exec.ExecuteWatchdog_python_partial.json, ExecuteWatchdog, 245-247:setProcessNotStarted, error, 2
commons-exec.src.main.org.apache.commons.exec.ExecuteStreamHandler_python_partial.json, ExecuteStreamHandler, 65-65:stop, success, 2
commons-exec.src.main.org.apache.commons.exec.ExecuteStreamHandler_python_partial.json, ExecuteStreamHandler, 58-58:start, success, 4
commons-exec.src.main.org.apache.commons.exec.ExecuteStreamHandler_python_partial.json, ExecuteStreamHandler, 51-51:setProcessOutputStream, success, 4
commons-exec.src.main.org.apache.commons.exec.ExecuteStreamHandler_python_partial.json, ExecuteStreamHandler, 43-43:setProcessInputStream, success, 4
commons-exec.src.main.org.apache.commons.exec.ExecuteStreamHandler_python_partial.json, ExecuteStreamHandler, 35-35:setProcessErrorStream, success, 4
commons-exec.src.main.org.apache.commons.exec.ExecuteResultHandler_python_partial.json, ExecuteResultHandler, 40-40:onProcessFailed, success, 4
commons-exec.src.main.org.apache.commons.exec.ExecuteResultHandler_python_partial.json, ExecuteResultHandler, 33-33:onProcessComplete, success, 2
commons-exec.src.main.org.apache.commons.exec.launcher.VmsCommandLauncher_python_partial.json, VmsCommandLauncher, 121-124:isFailure, success, 2
commons-exec.src.main.org.apache.commons.exec.launcher.VmsCommandLauncher_python_partial.json, VmsCommandLauncher, 114-117:exec1, success, 3
commons-exec.src.main.org.apache.commons.exec.launcher.VmsCommandLauncher_python_partial.json, VmsCommandLauncher, 105-108:exec0, success, 3
commons-exec.src.main.org.apache.commons.exec.launcher.VmsCommandLauncher_python_partial.json, VmsCommandLauncher, 42-100:createCommandFile, success, 46
commons-exec.src.main.org.apache.commons.exec.ThreadUtil_python_partial.json, ThreadUtil, 36-44:newThread, error, 9
commons-exec.src.main.org.apache.commons.exec.StreamPumper_python_partial.json, StreamPumper, 101-130:run, error, 27
commons-exec.src.main.org.apache.commons.exec.StreamPumper_python_partial.json, StreamPumper, 138-142:waitFor, success, 3
commons-exec.src.main.org.apache.commons.exec.StreamPumper_python_partial.json, StreamPumper, 93-95:isFinished, success, 2
commons-exec.src.main.org.apache.commons.exec.StreamPumper_python_partial.json, StreamPumper, 81-86:StreamPumper, error, 6
commons-exec.src.main.org.apache.commons.exec.StreamPumper_python_partial.json, StreamPumper, 55-57:StreamPumper0, success, 4
commons-exec.src.main.org.apache.commons.exec.InputStreamPumper_python_partial.json, InputStreamPumper, 60-73:run, error, 10
commons-exec.src.main.org.apache.commons.exec.InputStreamPumper_python_partial.json, InputStreamPumper, 78-80:stopProcessing, error, 2
commons-exec.src.main.org.apache.commons.exec.InputStreamPumper_python_partial.json, InputStreamPumper, 50-54:InputStreamPumper, error, 4
commons-exec.src.main.org.apache.commons.exec.Executor_python_partial.json, Executor, 181-181:setWorkingDirectory, success, 2
commons-exec.src.main.org.apache.commons.exec.Executor_python_partial.json, Executor, 174-174:setWatchdog, success, 2
commons-exec.src.main.org.apache.commons.exec.Executor_python_partial.json, Executor, 167-167:setStreamHandler, failure, 2
commons-exec.src.main.org.apache.commons.exec.Executor_python_partial.json, Executor, 159-159:setProcessDestroyer, success, 2
commons-exec.src.main.org.apache.commons.exec.Executor_python_partial.json, Executor, 152-152:setExitValues, success, 2
commons-exec.src.main.org.apache.commons.exec.Executor_python_partial.json, Executor, 137-137:setExitValue, failure, 2
commons-exec.src.main.org.apache.commons.exec.Executor_python_partial.json, Executor, 129-129:isFailure, success, 2
commons-exec.src.main.org.apache.commons.exec.Executor_python_partial.json, Executor, 120-120:getWorkingDirectory, success, 2
commons-exec.src.main.org.apache.commons.exec.Executor_python_partial.json, Executor, 113-113:getWatchdog, success, 2
commons-exec.src.main.org.apache.commons.exec.Executor_python_partial.json, Executor, 106-106:getStreamHandler, success, 2
commons-exec.src.main.org.apache.commons.exec.Executor_python_partial.json, Executor, 99-99:getProcessDestroyer, success, 2
commons-exec.src.main.org.apache.commons.exec.Executor_python_partial.json, Executor, 92-92:execute3, success, 4
commons-exec.src.main.org.apache.commons.exec.Executor_python_partial.json, Executor, 81-81:execute2, success, 8
commons-exec.src.main.org.apache.commons.exec.Executor_python_partial.json, Executor, 70-70:execute1, success, 4
commons-exec.src.main.org.apache.commons.exec.Executor_python_partial.json, Executor, 60-60:execute0, success, 8
commons-exec.src.main.org.apache.commons.exec.launcher.CommandLauncherFactory_python_partial.json, CommandLauncherFactory, 32-35:createVMLauncher, success, 3
commons-exec.src.main.org.apache.commons.exec.launcher.CommandLauncherFactory_python_partial.json, CommandLauncherFactory, 37-38:CommandLauncherFactory, success, 2
commons-exec.src.main.org.apache.commons.exec.PumpStreamHandler_python_partial.json, PumpStreamHandler, 258-260:setStopTimeout1, error, 2
commons-exec.src.main.org.apache.commons.exec.PumpStreamHandler_python_partial.json, PumpStreamHandler, 235-239:setProcessOutputStream, error, 4
commons-exec.src.main.org.apache.commons.exec.PumpStreamHandler_python_partial.json, PumpStreamHandler, 212-227:setProcessInputStream, error, 13
commons-exec.src.main.org.apache.commons.exec.PumpStreamHandler_python_partial.json, PumpStreamHandler, 200-204:setProcessErrorStream, error, 4
commons-exec.src.main.org.apache.commons.exec.PumpStreamHandler_python_partial.json, PumpStreamHandler, 357-359:stopThread, success, 14
commons-exec.src.main.org.apache.commons.exec.PumpStreamHandler_python_partial.json, PumpStreamHandler, 292-322:stop0, error, 25
commons-exec.src.main.org.apache.commons.exec.PumpStreamHandler_python_partial.json, PumpStreamHandler, 285-287:stop, error, 25
commons-exec.src.main.org.apache.commons.exec.PumpStreamHandler_python_partial.json, PumpStreamHandler, 269-274:start0, error, 4
commons-exec.src.main.org.apache.commons.exec.PumpStreamHandler_python_partial.json, PumpStreamHandler, 262-264:start, error, 2
commons-exec.src.main.org.apache.commons.exec.PumpStreamHandler_python_partial.json, PumpStreamHandler, 247-249:setStopTimeout0, error, 2
commons-exec.src.main.org.apache.commons.exec.PumpStreamHandler_python_partial.json, PumpStreamHandler, 186-188:getOut, success, 2
commons-exec.src.main.org.apache.commons.exec.PumpStreamHandler_python_partial.json, PumpStreamHandler, 177-179:getErr, success, 2
commons-exec.src.main.org.apache.commons.exec.PumpStreamHandler_python_partial.json, PumpStreamHandler, 156-158:createPump1, error, 4
commons-exec.src.main.org.apache.commons.exec.PumpStreamHandler_python_partial.json, PumpStreamHandler, 144-146:createPump0, error, 3
commons-exec.src.main.org.apache.commons.exec.PumpStreamHandler_python_partial.json, PumpStreamHandler, 132-134:createProcessOutputPump, error, 3
commons-exec.src.main.org.apache.commons.exec.PumpStreamHandler_python_partial.json, PumpStreamHandler, 122-124:createProcessErrorPump, error, 3
commons-exec.src.main.org.apache.commons.exec.PumpStreamHandler_python_partial.json, PumpStreamHandler, 97-99:PumpStreamHandler3, error, 4
commons-exec.src.main.org.apache.commons.exec.PumpStreamHandler_python_partial.json, PumpStreamHandler, 86-88:PumpStreamHandler2, error, 4
commons-exec.src.main.org.apache.commons.exec.PumpStreamHandler_python_partial.json, PumpStreamHandler, 76-78:PumpStreamHandler1, error, 4
commons-exec.src.main.org.apache.commons.exec.PumpStreamHandler_python_partial.json, PumpStreamHandler, 67-69:PumpStreamHandler0, failure, 4
commons-exec.src.main.org.apache.commons.exec.PumpStreamHandler_python_partial.json, PumpStreamHandler, 331-348:stop1, error, 14
commons-exec.src.main.org.apache.commons.exec.PumpStreamHandler_python_partial.json, PumpStreamHandler, 279-283:start1, error, 3
commons-exec.src.main.org.apache.commons.exec.PumpStreamHandler_python_partial.json, PumpStreamHandler, 167-170:createSystemInPump, error, 4
commons-exec.src.main.org.apache.commons.exec.PumpStreamHandler_python_partial.json, PumpStreamHandler, 108-114:PumpStreamHandler, error, 6
commons-exec.src.main.org.apache.commons.exec.PumpStreamHandler_python_partial.json, PumpStreamHandler, 190-192:getStopTimeout, error, 2
commons-exec.src.main.org.apache.commons.exec.util.MapUtils_python_partial.json, MapUtils, 71-80:prefix, success, 11
commons-exec.src.main.org.apache.commons.exec.util.MapUtils_python_partial.json, MapUtils, 49-60:merge, success, 12
commons-exec.src.main.org.apache.commons.exec.util.MapUtils_python_partial.json, MapUtils, 36-38:copy, success, 3
commons-exec.src.main.org.apache.commons.exec.DefaultExecutor_python_partial.json, Builder, 74-76:get, error, 3
commons-exec.src.main.org.apache.commons.exec.DefaultExecutor_python_partial.json, Builder, 118-121:setWorkingDirectory, success, 3
commons-exec.src.main.org.apache.commons.exec.DefaultExecutor_python_partial.json, Builder, 107-110:setThreadFactory, success, 3
commons-exec.src.main.org.apache.commons.exec.DefaultExecutor_python_partial.json, Builder, 96-99:setExecuteStreamHandler, success, 3
commons-exec.src.main.org.apache.commons.exec.DefaultExecutor_python_partial.json, Builder, 86-88:getWorkingDirectory, success, 2
commons-exec.src.main.org.apache.commons.exec.DefaultExecutor_python_partial.json, Builder, 82-84:getThreadFactory, success, 2
commons-exec.src.main.org.apache.commons.exec.DefaultExecutor_python_partial.json, Builder, 78-80:getExecuteStreamHandler, success, 2
commons-exec.src.main.org.apache.commons.exec.DefaultExecutor_python_partial.json, Builder, 64-66:asThis, success, 2
commons-exec.src.main.org.apache.commons.exec.DefaultExecutor_python_partial.json, DefaultExecutor, 521-523:setWorkingDirectory, success, 2
commons-exec.src.main.org.apache.commons.exec.DefaultExecutor_python_partial.json, DefaultExecutor, 509-511:setWatchdog, error, 2
commons-exec.src.main.org.apache.commons.exec.DefaultExecutor_python_partial.json, DefaultExecutor, 494-496:setStreamHandler, error, 2
commons-exec.src.main.org.apache.commons.exec.DefaultExecutor_python_partial.json, DefaultExecutor, 486-488:setProcessDestroyer, success, 2
commons-exec.src.main.org.apache.commons.exec.DefaultExecutor_python_partial.json, DefaultExecutor, 478-480:setExitValues, success, 2
commons-exec.src.main.org.apache.commons.exec.DefaultExecutor_python_partial.json, DefaultExecutor, 472-474:setExitValue, error, 2
commons-exec.src.main.org.apache.commons.exec.DefaultExecutor_python_partial.json, DefaultExecutor, 427-440:isFailure, error, 10
commons-exec.src.main.org.apache.commons.exec.DefaultExecutor_python_partial.json, DefaultExecutor, 421-423:getWorkingDirectory, success, 2
commons-exec.src.main.org.apache.commons.exec.DefaultExecutor_python_partial.json, DefaultExecutor, 413-415:getWatchdog, success, 2
commons-exec.src.main.org.apache.commons.exec.DefaultExecutor_python_partial.json, DefaultExecutor, 396-398:getStreamHandler, success, 2
commons-exec.src.main.org.apache.commons.exec.DefaultExecutor_python_partial.json, DefaultExecutor, 388-390:getProcessDestroyer, error, 2
commons-exec.src.main.org.apache.commons.exec.DefaultExecutor_python_partial.json, DefaultExecutor, 173-175:DefaultExecutor0, success, 3
commons-exec.src.main.org.apache.commons.exec.DefaultExecutor_python_partial.json, DefaultExecutor, 499-503:setStreams, error, 5
commons-exec.src.main.org.apache.commons.exec.DefaultExecutor_python_partial.json, DefaultExecutor, 214-218:closeProcessStreams, error, 4
commons-exec.src.main.org.apache.commons.exec.DefaultExecutor_python_partial.json, DefaultExecutor, 451-457:launch, error, 8
commons-exec.src.main.org.apache.commons.exec.DefaultExecutor_python_partial.json, DefaultExecutor, 380-382:getExecutorThread, error, 2
commons-exec.src.main.org.apache.commons.exec.DefaultExecutor_python_partial.json, DefaultExecutor, 259-278:execute3, error, 17
commons-exec.src.main.org.apache.commons.exec.DefaultExecutor_python_partial.json, DefaultExecutor, 250-254:execute2, error, 3
commons-exec.src.main.org.apache.commons.exec.DefaultExecutor_python_partial.json, DefaultExecutor, 242-245:execute1, error, 3
commons-exec.src.main.org.apache.commons.exec.DefaultExecutor_python_partial.json, DefaultExecutor, 234-237:execute0, error, 3
commons-exec.src.main.org.apache.commons.exec.DefaultExecutor_python_partial.json, DefaultExecutor, 227-229:createThread, error, 3
commons-exec.src.main.org.apache.commons.exec.DefaultExecutor_python_partial.json, DefaultExecutor, 131-133:builder, error, 3
commons-exec.src.main.org.apache.commons.exec.DefaultExecutor_python_partial.json, DefaultExecutor, 464-468:setExceptionCaught, failure, 3
commons-exec.src.main.org.apache.commons.exec.DefaultExecutor_python_partial.json, DefaultExecutor, 371-373:getExceptionCaught, error, 2
commons-exec.src.main.org.apache.commons.exec.DefaultExecutor_python_partial.json, DefaultExecutor, 290-364:executeInternal, error, 50
commons-exec.src.main.org.apache.commons.exec.DefaultExecutor_python_partial.json, DefaultExecutor, 200-206:closeCatch, error, 5
commons-exec.src.main.org.apache.commons.exec.DefaultExecutor_python_partial.json, DefaultExecutor, 189-193:checkWorkingDirectory1, error, 3
commons-exec.src.main.org.apache.commons.exec.DefaultExecutor_python_partial.json, DefaultExecutor, 185-187:checkWorkingDirectory0, error, 2
commons-exec.src.main.org.apache.commons.exec.DefaultExecutor_python_partial.json, DefaultExecutor, 405-407:getThreadFactory, success, 2
commons-exec.src.main.org.apache.commons.exec.DefaultExecutor_python_partial.json, DefaultExecutor, 177-183:DefaultExecutor, error, 7
commons-exec.src.main.org.apache.commons.exec.DefaultExecuteResultHandler_python_partial.json, DefaultExecuteResultHandler, 142-147:waitFor2, success, 4
commons-exec.src.main.org.apache.commons.exec.DefaultExecuteResultHandler_python_partial.json, DefaultExecuteResultHandler, 97-101:onProcessFailed, failure, 4
commons-exec.src.main.org.apache.commons.exec.DefaultExecuteResultHandler_python_partial.json, DefaultExecuteResultHandler, 87-91:onProcessComplete, success, 4
commons-exec.src.main.org.apache.commons.exec.DefaultExecuteResultHandler_python_partial.json, DefaultExecuteResultHandler, 125-130:waitFor1, error, 4
commons-exec.src.main.org.apache.commons.exec.DefaultExecuteResultHandler_python_partial.json, DefaultExecuteResultHandler, 110-114:waitFor0, error, 3
commons-exec.src.main.org.apache.commons.exec.DefaultExecuteResultHandler_python_partial.json, DefaultExecuteResultHandler, 79-81:hasResult, error, 2
commons-exec.src.main.org.apache.commons.exec.DefaultExecuteResultHandler_python_partial.json, DefaultExecuteResultHandler, 67-72:getExitValue, success, 6
commons-exec.src.main.org.apache.commons.exec.DefaultExecuteResultHandler_python_partial.json, DefaultExecuteResultHandler, 54-59:getException, success, 4
commons-exec.src.main.org.apache.commons.exec.DefaultExecuteResultHandler_python_partial.json, DefaultExecuteResultHandler, 43-46:DefaultExecuteResultHandler, success, 3
commons-exec.src.main.org.apache.commons.exec.launcher.CommandLauncherProxy_python_partial.json, CommandLauncherProxy, 50-52:exec0, success, 9
commons-exec.src.main.org.apache.commons.exec.launcher.CommandLauncherProxy_python_partial.json, CommandLauncherProxy, 38-40:CommandLauncherProxy, success, 2
commons-exec.src.main.org.apache.commons.exec.launcher.OS2CommandLauncher_python_partial.json, OS2CommandLauncher, 55-64:exec1, success, 9
commons-exec.src.main.org.apache.commons.exec.launcher.OS2CommandLauncher_python_partial.json, OS2CommandLauncher, 42-44:OS2CommandLauncher, error, 2
commons-exec.src.main.org.apache.commons.exec.launcher.WinNTCommandLauncher_python_partial.json, WinNTCommandLauncher, 49-60:exec1, success, 9
commons-exec.src.main.org.apache.commons.exec.launcher.WinNTCommandLauncher_python_partial.json, WinNTCommandLauncher, 36-38:WinNTCommandLauncher, error, 2
commons-exec.src.main.org.apache.commons.exec.ShutdownHookProcessDestroyer_python_partial.json, ProcessDestroyerThread, 36-40:run, error, 3
commons-exec.src.main.org.apache.commons.exec.ShutdownHookProcessDestroyer_python_partial.json, ProcessDestroyerThread, 42-44:setShouldDestroy, error, 2
commons-exec.src.main.org.apache.commons.exec.ShutdownHookProcessDestroyer_python_partial.json, ProcessDestroyerThread, 31-33:ProcessDestroyerThread, error, 2
commons-exec.src.main.org.apache.commons.exec.ShutdownHookProcessDestroyer_python_partial.json, ShutdownHookProcessDestroyer, 184-186:size, success, 2
commons-exec.src.main.org.apache.commons.exec.ShutdownHookProcessDestroyer_python_partial.json, ShutdownHookProcessDestroyer, 165-176:run, success, 8
commons-exec.src.main.org.apache.commons.exec.ShutdownHookProcessDestroyer_python_partial.json, ShutdownHookProcessDestroyer, 125-133:remove, success, 13
commons-exec.src.main.org.apache.commons.exec.ShutdownHookProcessDestroyer_python_partial.json, ShutdownHookProcessDestroyer, 77-86:add, success, 6
commons-exec.src.main.org.apache.commons.exec.ShutdownHookProcessDestroyer_python_partial.json, ShutdownHookProcessDestroyer, 114-116:isEmpty, success, 2
commons-exec.src.main.org.apache.commons.exec.ShutdownHookProcessDestroyer_python_partial.json, ShutdownHookProcessDestroyer, 104-106:isAddedAsShutdownHook, success, 2
commons-exec.src.main.org.apache.commons.exec.ShutdownHookProcessDestroyer_python_partial.json, ShutdownHookProcessDestroyer, 67-68:ShutdownHookProcessDestroyer, failure, 7
commons-exec.src.main.org.apache.commons.exec.ShutdownHookProcessDestroyer_python_partial.json, ShutdownHookProcessDestroyer, 138-159:removeShutdownHook, success, 20
commons-exec.src.main.org.apache.commons.exec.ShutdownHookProcessDestroyer_python_partial.json, ShutdownHookProcessDestroyer, 91-97:addShutdownHook, success, 5
commons-exec.src.main.org.apache.commons.exec.LogOutputStream_python_partial.json, ByteArrayOutputStreamX, 36-38:toString, success, 2
commons-exec.src.main.org.apache.commons.exec.LogOutputStream_python_partial.json, ByteArrayOutputStreamX, 32-34:ByteArrayOutputStreamX, success, 2
commons-exec.src.main.org.apache.commons.exec.LogOutputStream_python_partial.json, LogOutputStream, 113-117:flush, failure, 3
commons-exec.src.main.org.apache.commons.exec.LogOutputStream_python_partial.json, LogOutputStream, 100-105:close, success, 4
commons-exec.src.main.org.apache.commons.exec.LogOutputStream_python_partial.json, LogOutputStream, 193-204:write1, success, 9
commons-exec.src.main.org.apache.commons.exec.LogOutputStream_python_partial.json, LogOutputStream, 162-185:write0, success, 17
commons-exec.src.main.org.apache.commons.exec.LogOutputStream_python_partial.json, LogOutputStream, 141-143:processLine0, success, 2
commons-exec.src.main.org.apache.commons.exec.LogOutputStream_python_partial.json, LogOutputStream, 131-134:processBuffer, success, 3
commons-exec.src.main.org.apache.commons.exec.LogOutputStream_python_partial.json, LogOutputStream, 124-126:getMessageLevel, success, 2
commons-exec.src.main.org.apache.commons.exec.LogOutputStream_python_partial.json, LogOutputStream, 81-92:LogOutputStream, success, 11
commons-exec.src.main.org.apache.commons.exec.LogOutputStream_python_partial.json, LogOutputStream, 151-151:processLine1, success, 2
commons-exec.src.main.org.apache.commons.exec.DaemonExecutor_python_partial.json, Builder, 42-44:get, success, 3
commons-exec.src.main.org.apache.commons.exec.DaemonExecutor_python_partial.json, DaemonExecutor, 76-80:createThread, success, 5
commons-exec.src.main.org.apache.commons.exec.DaemonExecutor_python_partial.json, DaemonExecutor, 54-56:builder, success, 3
commons-exec.src.main.org.apache.commons.exec.DaemonExecutor_python_partial.json, DaemonExecutor, 64-66:DaemonExecutor, error, 3
