jansi.src.main.org.fusesource.jansi.AnsiColors_python_partial.json, AnsiColors, 30-32:AnsiColors, success, 2
jansi.src.main.org.fusesource.jansi.AnsiColors_python_partial.json, AnsiColors, 34-36:getDescription, success, 2
jansi.src.main.org.fusesource.jansi.internal.Kernel32_python_partial.json, CHAR_INFO, 253-253:init, success, 3
jansi.src.main.org.fusesource.jansi.internal.Kernel32_python_partial.json, CONSOLE_SCREEN_BUFFER_INFO, 149-151:windowHeight, success, 2
jansi.src.main.org.fusesource.jansi.internal.Kernel32_python_partial.json, CONSOLE_SCREEN_BUFFER_INFO, 145-147:windowWidth, success, 2
jansi.src.main.org.fusesource.jansi.internal.Kernel32_python_partial.json, CONSOLE_SCREEN_BUFFER_INFO, 135-135:init, success, 3
jansi.src.main.org.fusesource.jansi.internal.Kernel32_python_partial.json, COORD, 117-122:copy, success, 5
jansi.src.main.org.fusesource.jansi.internal.Kernel32_python_partial.json, COORD, 110-110:init, success, 3
jansi.src.main.org.fusesource.jansi.internal.Kernel32_python_partial.json, SMALL_RECT, 88-95:copy, success, 7
jansi.src.main.org.fusesource.jansi.internal.Kernel32_python_partial.json, SMALL_RECT, 84-86:height, success, 2
jansi.src.main.org.fusesource.jansi.internal.Kernel32_python_partial.json, SMALL_RECT, 80-82:width, success, 2
jansi.src.main.org.fusesource.jansi.internal.Kernel32_python_partial.json, SMALL_RECT, 71-71:init, success, 3
jansi.src.main.org.fusesource.jansi.internal.Kernel32_python_partial.json, FOCUS_EVENT_RECORD, 390-390:init, success, 3
jansi.src.main.org.fusesource.jansi.internal.Kernel32_python_partial.json, INPUT_RECORD, 436-436:memmove, success, 21
jansi.src.main.org.fusesource.jansi.internal.Kernel32_python_partial.json, INPUT_RECORD, 421-421:init, success, 3
jansi.src.main.org.fusesource.jansi.internal.Kernel32_python_partial.json, MENU_EVENT_RECORD, 405-405:init, success, 3
jansi.src.main.org.fusesource.jansi.internal.Kernel32_python_partial.json, WINDOW_BUFFER_SIZE_RECORD, 376-378:toString, success, 2
jansi.src.main.org.fusesource.jansi.internal.Kernel32_python_partial.json, WINDOW_BUFFER_SIZE_RECORD, 370-370:init, success, 3
jansi.src.main.org.fusesource.jansi.internal.Kernel32_python_partial.json, MOUSE_EVENT_RECORD, 351-357:toString, success, 2
jansi.src.main.org.fusesource.jansi.internal.Kernel32_python_partial.json, MOUSE_EVENT_RECORD, 322-322:init, success, 3
jansi.src.main.org.fusesource.jansi.internal.Kernel32_python_partial.json, KEY_EVENT_RECORD, 301-309:toString, success, 2
jansi.src.main.org.fusesource.jansi.internal.Kernel32_python_partial.json, KEY_EVENT_RECORD, 281-281:init, success, 3
jansi.src.main.org.fusesource.jansi.internal.Kernel32_python_partial.json, Kernel32, 526-535:getErrorMessage, success, 10
jansi.src.main.org.fusesource.jansi.internal.Kernel32_python_partial.json, Kernel32, 521-524:getLastErrorMessage, error, 5
jansi.src.main.org.fusesource.jansi.internal.Kernel32_python_partial.json, Kernel32, 499-519:readConsoleKeyInput, success, 18
jansi.src.main.org.fusesource.jansi.internal.Kernel32_python_partial.json, Kernel32, 462-491:readConsoleInputHelper, success, 22
jansi.src.main.org.fusesource.jansi.internal.Kernel32_python_partial.json, Kernel32, 457-457:FlushConsoleInputBuffer, success, 14
jansi.src.main.org.fusesource.jansi.internal.Kernel32_python_partial.json, Kernel32, 452-452:GetNumberOfConsoleInputEvents, success, 15
jansi.src.main.org.fusesource.jansi.internal.Kernel32_python_partial.json, Kernel32, 264-270:ScrollConsoleScreenBuffer, success, 39
jansi.src.main.org.fusesource.jansi.internal.Kernel32_python_partial.json, Kernel32, 241-241:SetConsoleOutputCP, success, 16
jansi.src.main.org.fusesource.jansi.internal.Kernel32_python_partial.json, Kernel32, 234-234:GetConsoleOutputCP, success, 3
jansi.src.main.org.fusesource.jansi.internal.Kernel32_python_partial.json, Kernel32, 227-227:SetConsoleTitle, success, 9
jansi.src.main.org.fusesource.jansi.internal.Kernel32_python_partial.json, Kernel32, 220-220:_getch, success, 9
jansi.src.main.org.fusesource.jansi.internal.Kernel32_python_partial.json, Kernel32, 215-215:SetConsoleMode, success, 13
jansi.src.main.org.fusesource.jansi.internal.Kernel32_python_partial.json, Kernel32, 210-210:GetConsoleMode, success, 16
jansi.src.main.org.fusesource.jansi.internal.Kernel32_python_partial.json, Kernel32, 204-206:WriteConsoleW, success, 12
jansi.src.main.org.fusesource.jansi.internal.Kernel32_python_partial.json, Kernel32, 198-200:FillConsoleOutputAttribute, success, 23
jansi.src.main.org.fusesource.jansi.internal.Kernel32_python_partial.json, Kernel32, 192-194:FillConsoleOutputCharacterW, success, 22
jansi.src.main.org.fusesource.jansi.internal.Kernel32_python_partial.json, Kernel32, 187-187:SetConsoleCursorPosition, success, 20
jansi.src.main.org.fusesource.jansi.internal.Kernel32_python_partial.json, Kernel32, 182-182:GetStdHandle, success, 3
jansi.src.main.org.fusesource.jansi.internal.Kernel32_python_partial.json, Kernel32, 176-178:GetConsoleScreenBufferInfo, success, 28
jansi.src.main.org.fusesource.jansi.internal.Kernel32_python_partial.json, Kernel32, 170-172:FormatMessageW, success, 7
jansi.src.main.org.fusesource.jansi.internal.Kernel32_python_partial.json, Kernel32, 168-168:GetLastError, success, 3
jansi.src.main.org.fusesource.jansi.internal.Kernel32_python_partial.json, Kernel32, 163-163:CloseHandle, success, 8
jansi.src.main.org.fusesource.jansi.internal.Kernel32_python_partial.json, Kernel32, 158-158:WaitForSingleObject, success, 21
jansi.src.main.org.fusesource.jansi.internal.Kernel32_python_partial.json, Kernel32, 101-101:SetConsoleTextAttribute, success, 6
jansi.src.main.org.fusesource.jansi.internal.Kernel32_python_partial.json, Kernel32, 60-60:free, success, 3
jansi.src.main.org.fusesource.jansi.internal.Kernel32_python_partial.json, Kernel32, 58-58:malloc, success, 3
jansi.src.main.org.fusesource.jansi.internal.Kernel32_python_partial.json, Kernel32, 447-447:PeekConsoleInputW, success, 6
jansi.src.main.org.fusesource.jansi.internal.Kernel32_python_partial.json, Kernel32, 442-442:ReadConsoleInputW, success, 26
jansi.src.main.org.fusesource.jansi.internal.Kernel32_python_partial.json, Kernel32, 35-35:init, success, 3
jansi.src.main.org.fusesource.jansi.AnsiType_python_partial.json, AnsiType, 32-34:AnsiType, success, 2
jansi.src.main.org.fusesource.jansi.AnsiType_python_partial.json, AnsiType, 36-38:getDescription, success, 2
jansi.src.main.org.fusesource.jansi.AnsiMode_python_partial.json, AnsiMode, 30-32:AnsiMode, success, 2
jansi.src.main.org.fusesource.jansi.AnsiMode_python_partial.json, AnsiMode, 34-36:getDescription, success, 2
jansi.src.main.org.fusesource.jansi.internal.MingwSupport_python_partial.json, MingwSupport, 88-103:getTerminalWidth, error, 13
jansi.src.main.org.fusesource.jansi.internal.MingwSupport_python_partial.json, MingwSupport, 69-86:getConsoleName, error, 19
jansi.src.main.org.fusesource.jansi.internal.MingwSupport_python_partial.json, MingwSupport, 40-67:MingwSupport, error, 25
jansi.src.main.org.fusesource.jansi.internal.MingwSupport_python_partial.json, MingwSupport, 124-136:getRedirect, error, 7
jansi.src.main.org.fusesource.jansi.internal.MingwSupport_python_partial.json, MingwSupport, 105-119:waitAndCapture, error, 15
jansi.src.main.org.fusesource.jansi.AnsiConsole_python_partial.json, AnsiConsole, 564-570:initStreams, error, 7
jansi.src.main.org.fusesource.jansi.AnsiConsole_python_partial.json, AnsiConsole, 546-559:systemUninstall, error, 12
jansi.src.main.org.fusesource.jansi.AnsiConsole_python_partial.json, AnsiConsole, 537-539:isInstalled, success, 3
jansi.src.main.org.fusesource.jansi.AnsiConsole_python_partial.json, AnsiConsole, 519-532:systemInstall, error, 13
jansi.src.main.org.fusesource.jansi.AnsiConsole_python_partial.json, AnsiConsole, 510-512:sysErr, success, 3
jansi.src.main.org.fusesource.jansi.AnsiConsole_python_partial.json, AnsiConsole, 500-503:err, error, 5
jansi.src.main.org.fusesource.jansi.AnsiConsole_python_partial.json, AnsiConsole, 488-490:sysOut, success, 3
jansi.src.main.org.fusesource.jansi.AnsiConsole_python_partial.json, AnsiConsole, 478-481:out, error, 5
jansi.src.main.org.fusesource.jansi.AnsiConsole_python_partial.json, AnsiConsole, 460-468:getBoolean, error, 10
jansi.src.main.org.fusesource.jansi.AnsiConsole_python_partial.json, AnsiConsole, 198-204:getTerminalWidth, success, 8
jansi.src.main.org.fusesource.jansi.AnsiConsole_python_partial.json, AnsiConsole, 446-458:newPrintStream, error, 15
jansi.src.main.org.fusesource.jansi.AnsiConsole_python_partial.json, AnsiConsole, 237-444:ansiStream, error, 1
jansi.src.main.org.fusesource.jansi.AnsiConsole_python_partial.json, AnsiConsole, 231-235:AnsiConsole, success, 2
jansi.src.main.org.fusesource.jansi.internal.CLibrary_python_partial.json, Termios, 146-146:init, success, 3
jansi.src.main.org.fusesource.jansi.internal.CLibrary_python_partial.json, WinSize, 127-130:WinSize, success, 3
jansi.src.main.org.fusesource.jansi.internal.CLibrary_python_partial.json, WinSize, 118-118:init, success, 3
jansi.src.main.org.fusesource.jansi.internal.CLibrary_python_partial.json, CLibrary, 104-104:ioctl, success, 24
jansi.src.main.org.fusesource.jansi.internal.CLibrary_python_partial.json, CLibrary, 95-95:tcsetattr, success, 23
jansi.src.main.org.fusesource.jansi.internal.CLibrary_python_partial.json, CLibrary, 93-93:tcgetattr, success, 19
jansi.src.main.org.fusesource.jansi.internal.CLibrary_python_partial.json, CLibrary, 91-91:openpty, success, 18
jansi.src.main.org.fusesource.jansi.internal.CLibrary_python_partial.json, CLibrary, 77-77:ttyname, success, 3
jansi.src.main.org.fusesource.jansi.internal.CLibrary_python_partial.json, CLibrary, 75-75:isatty, success, 3
jansi.src.main.org.fusesource.jansi.internal.CLibrary_python_partial.json, CLibrary, 41-41:init, success, 10
jansi.src.main.org.fusesource.jansi.AnsiPrintStream_python_partial.json, AnsiPrintStream, 93-100:toString, success, 7
jansi.src.main.org.fusesource.jansi.AnsiPrintStream_python_partial.json, AnsiPrintStream, 84-90:uninstall, error, 4
jansi.src.main.org.fusesource.jansi.AnsiPrintStream_python_partial.json, AnsiPrintStream, 80-82:install, error, 3
jansi.src.main.org.fusesource.jansi.AnsiPrintStream_python_partial.json, AnsiPrintStream, 76-78:getTerminalWidth, success, 7
jansi.src.main.org.fusesource.jansi.AnsiPrintStream_python_partial.json, AnsiPrintStream, 68-70:setResetAtUninstall, success, 2
jansi.src.main.org.fusesource.jansi.AnsiPrintStream_python_partial.json, AnsiPrintStream, 64-66:isResetAtUninstall, success, 2
jansi.src.main.org.fusesource.jansi.AnsiPrintStream_python_partial.json, AnsiPrintStream, 60-62:setMode, error, 8
jansi.src.main.org.fusesource.jansi.AnsiPrintStream_python_partial.json, AnsiPrintStream, 56-58:getMode, success, 2
jansi.src.main.org.fusesource.jansi.AnsiPrintStream_python_partial.json, AnsiPrintStream, 52-54:getColors, success, 2
jansi.src.main.org.fusesource.jansi.AnsiPrintStream_python_partial.json, AnsiPrintStream, 48-50:getType, success, 2
jansi.src.main.org.fusesource.jansi.AnsiPrintStream_python_partial.json, AnsiPrintStream, 44-46:getOut, error, 2
jansi.src.main.org.fusesource.jansi.AnsiPrintStream_python_partial.json, AnsiPrintStream, 30-32:AnsiPrintStream, error, 4
jansi.src.main.org.fusesource.jansi.AnsiPrintStream_python_partial.json, AnsiPrintStream, 34-42:determineEncoding, success, 9
jansi.src.main.org.fusesource.jansi.Ansi_python_partial.json, Attribute, 116-118:toString, error, 2
jansi.src.main.org.fusesource.jansi.Ansi_python_partial.json, Attribute, 120-122:value, error, 2
jansi.src.main.org.fusesource.jansi.Ansi_python_partial.json, Attribute, 110-113:Attribute, error, 3
jansi.src.main.org.fusesource.jansi.Ansi_python_partial.json, Color, 57-59:toString, error, 2
jansi.src.main.org.fusesource.jansi.Ansi_python_partial.json, Color, 77-79:bgBright, error, 2
jansi.src.main.org.fusesource.jansi.Ansi_python_partial.json, Color, 73-75:fgBright, error, 2
jansi.src.main.org.fusesource.jansi.Ansi_python_partial.json, Color, 69-71:bg, error, 2
jansi.src.main.org.fusesource.jansi.Ansi_python_partial.json, Color, 65-67:fg, error, 2
jansi.src.main.org.fusesource.jansi.Ansi_python_partial.json, Color, 61-63:value, error, 2
jansi.src.main.org.fusesource.jansi.Ansi_python_partial.json, Color, 51-54:Color, error, 3
jansi.src.main.org.fusesource.jansi.Ansi_python_partial.json, Erase, 145-147:toString, error, 2
jansi.src.main.org.fusesource.jansi.Ansi_python_partial.json, Erase, 149-151:value, error, 2
jansi.src.main.org.fusesource.jansi.Ansi_python_partial.json, Erase, 139-142:Erase, error, 3
jansi.src.main.org.fusesource.jansi.Ansi_python_partial.json, Consumer, 156-156:apply, success, 2
jansi.src.main.org.fusesource.jansi.Ansi_python_partial.json, Ansi, 990-992:append, success, 1
jansi.src.main.org.fusesource.jansi.Ansi_python_partial.json, Ansi, 979-981:append, success, 1
jansi.src.main.org.fusesource.jansi.Ansi_python_partial.json, Ansi, 968-970:append, success, 1
jansi.src.main.org.fusesource.jansi.Ansi_python_partial.json, Ansi, 908-911:toString, failure, 4
jansi.src.main.org.fusesource.jansi.Ansi_python_partial.json, Ansi, 728-730:restorCursorPosition, success, 4
jansi.src.main.org.fusesource.jansi.Ansi_python_partial.json, Ansi, 994-998:append2, success, 3
jansi.src.main.org.fusesource.jansi.Ansi_python_partial.json, Ansi, 983-987:append1, success, 3
jansi.src.main.org.fusesource.jansi.Ansi_python_partial.json, Ansi, 972-976:append0, success, 3
jansi.src.main.org.fusesource.jansi.Ansi_python_partial.json, Ansi, 902-905:render1, success, 6
jansi.src.main.org.fusesource.jansi.Ansi_python_partial.json, Ansi, 888-891:render0, failure, 4
jansi.src.main.org.fusesource.jansi.Ansi_python_partial.json, Ansi, 875-878:apply, failure, 3
jansi.src.main.org.fusesource.jansi.Ansi_python_partial.json, Ansi, 862-866:format, success, 5
jansi.src.main.org.fusesource.jansi.Ansi_python_partial.json, Ansi, 856-860:newline, success, 5
jansi.src.main.org.fusesource.jansi.Ansi_python_partial.json, Ansi, 850-854:a13, success, 5
jansi.src.main.org.fusesource.jansi.Ansi_python_partial.json, Ansi, 844-848:a12, success, 5
jansi.src.main.org.fusesource.jansi.Ansi_python_partial.json, Ansi, 838-842:a11, success, 5
jansi.src.main.org.fusesource.jansi.Ansi_python_partial.json, Ansi, 832-836:a10, success, 5
jansi.src.main.org.fusesource.jansi.Ansi_python_partial.json, Ansi, 826-830:a9, success, 5
jansi.src.main.org.fusesource.jansi.Ansi_python_partial.json, Ansi, 820-824:a8, success, 5
jansi.src.main.org.fusesource.jansi.Ansi_python_partial.json, Ansi, 814-818:a7, success, 5
jansi.src.main.org.fusesource.jansi.Ansi_python_partial.json, Ansi, 808-812:a6, success, 5
jansi.src.main.org.fusesource.jansi.Ansi_python_partial.json, Ansi, 802-806:a5, success, 5
jansi.src.main.org.fusesource.jansi.Ansi_python_partial.json, Ansi, 796-800:a4, success, 5
jansi.src.main.org.fusesource.jansi.Ansi_python_partial.json, Ansi, 790-794:a3, success, 5
jansi.src.main.org.fusesource.jansi.Ansi_python_partial.json, Ansi, 784-788:a2, success, 5
jansi.src.main.org.fusesource.jansi.Ansi_python_partial.json, Ansi, 778-782:a1, failure, 5
jansi.src.main.org.fusesource.jansi.Ansi_python_partial.json, Ansi, 774-776:boldOff, success, 2
jansi.src.main.org.fusesource.jansi.Ansi_python_partial.json, Ansi, 770-772:bold, failure, 2
jansi.src.main.org.fusesource.jansi.Ansi_python_partial.json, Ansi, 766-768:reset, failure, 2
jansi.src.main.org.fusesource.jansi.Ansi_python_partial.json, Ansi, 759-764:restoreCursorPositionDEC, success, 3
jansi.src.main.org.fusesource.jansi.Ansi_python_partial.json, Ansi, 754-757:restoreCursorPositionSCO, success, 3
jansi.src.main.org.fusesource.jansi.Ansi_python_partial.json, Ansi, 749-752:restoreCursorPosition, success, 4
jansi.src.main.org.fusesource.jansi.Ansi_python_partial.json, Ansi, 742-747:saveCursorPositionDEC, success, 3
jansi.src.main.org.fusesource.jansi.Ansi_python_partial.json, Ansi, 737-740:saveCursorPositionSCO, success, 3
jansi.src.main.org.fusesource.jansi.Ansi_python_partial.json, Ansi, 732-735:saveCursorPosition, success, 4
jansi.src.main.org.fusesource.jansi.Ansi_python_partial.json, Ansi, 720-725:scrollDown, failure, 11
jansi.src.main.org.fusesource.jansi.Ansi_python_partial.json, Ansi, 713-718:scrollUp, failure, 11
jansi.src.main.org.fusesource.jansi.Ansi_python_partial.json, Ansi, 709-711:eraseLine1, success, 2
jansi.src.main.org.fusesource.jansi.Ansi_python_partial.json, Ansi, 705-707:eraseLine0, success, 3
jansi.src.main.org.fusesource.jansi.Ansi_python_partial.json, Ansi, 701-703:eraseScreen1, success, 2
jansi.src.main.org.fusesource.jansi.Ansi_python_partial.json, Ansi, 697-699:eraseScreen0, success, 2
jansi.src.main.org.fusesource.jansi.Ansi_python_partial.json, Ansi, 693-695:cursorUpLine1, failure, 2
jansi.src.main.org.fusesource.jansi.Ansi_python_partial.json, Ansi, 682-684:cursorUpLine0, failure, 3
jansi.src.main.org.fusesource.jansi.Ansi_python_partial.json, Ansi, 673-675:cursorDownLine1, failure, 2
jansi.src.main.org.fusesource.jansi.Ansi_python_partial.json, Ansi, 662-664:cursorDownLine0, failure, 2
jansi.src.main.org.fusesource.jansi.Ansi_python_partial.json, Ansi, 653-655:cursorMove, failure, 13
jansi.src.main.org.fusesource.jansi.Ansi_python_partial.json, Ansi, 640-642:cursorLeft, failure, 8
jansi.src.main.org.fusesource.jansi.Ansi_python_partial.json, Ansi, 630-632:cursorRight, failure, 8
jansi.src.main.org.fusesource.jansi.Ansi_python_partial.json, Ansi, 620-622:cursorDown, failure, 8
jansi.src.main.org.fusesource.jansi.Ansi_python_partial.json, Ansi, 610-612:cursorUp, failure, 8
jansi.src.main.org.fusesource.jansi.Ansi_python_partial.json, Ansi, 600-602:cursorToColumn, failure, 2
jansi.src.main.org.fusesource.jansi.Ansi_python_partial.json, Ansi, 589-591:cursor, failure, 2
jansi.src.main.org.fusesource.jansi.Ansi_python_partial.json, Ansi, 576-579:a0, failure, 3
jansi.src.main.org.fusesource.jansi.Ansi_python_partial.json, Ansi, 572-574:bgBrightYellow, success, 2
jansi.src.main.org.fusesource.jansi.Ansi_python_partial.json, Ansi, 568-570:bgBrightRed, success, 2
jansi.src.main.org.fusesource.jansi.Ansi_python_partial.json, Ansi, 564-566:bgBrightMagenta, success, 2
jansi.src.main.org.fusesource.jansi.Ansi_python_partial.json, Ansi, 560-562:bgBrightGreen, success, 2
jansi.src.main.org.fusesource.jansi.Ansi_python_partial.json, Ansi, 556-558:bgBrightDefault, success, 2
jansi.src.main.org.fusesource.jansi.Ansi_python_partial.json, Ansi, 552-554:bgBrightCyan, success, 2
jansi.src.main.org.fusesource.jansi.Ansi_python_partial.json, Ansi, 547-550:bgBright, success, 3
jansi.src.main.org.fusesource.jansi.Ansi_python_partial.json, Ansi, 543-545:fgBrightYellow, success, 2
jansi.src.main.org.fusesource.jansi.Ansi_python_partial.json, Ansi, 539-541:fgBrightRed, success, 2
jansi.src.main.org.fusesource.jansi.Ansi_python_partial.json, Ansi, 535-537:fgBrightMagenta, success, 2
jansi.src.main.org.fusesource.jansi.Ansi_python_partial.json, Ansi, 531-533:fgBrightGreen, success, 2
jansi.src.main.org.fusesource.jansi.Ansi_python_partial.json, Ansi, 527-529:fgBrightDefault, success, 2
jansi.src.main.org.fusesource.jansi.Ansi_python_partial.json, Ansi, 523-525:fgBrightCyan, success, 2
jansi.src.main.org.fusesource.jansi.Ansi_python_partial.json, Ansi, 519-521:fgBrightBlue, success, 2
jansi.src.main.org.fusesource.jansi.Ansi_python_partial.json, Ansi, 515-517:fgBrightBlack, success, 2
jansi.src.main.org.fusesource.jansi.Ansi_python_partial.json, Ansi, 510-513:fgBright, success, 3
jansi.src.main.org.fusesource.jansi.Ansi_python_partial.json, Ansi, 506-508:bgYellow, success, 2
jansi.src.main.org.fusesource.jansi.Ansi_python_partial.json, Ansi, 502-504:bgRed, success, 2
jansi.src.main.org.fusesource.jansi.Ansi_python_partial.json, Ansi, 498-500:bgMagenta, success, 2
jansi.src.main.org.fusesource.jansi.Ansi_python_partial.json, Ansi, 494-496:bgGreen, success, 2
jansi.src.main.org.fusesource.jansi.Ansi_python_partial.json, Ansi, 490-492:bgDefault, success, 3
jansi.src.main.org.fusesource.jansi.Ansi_python_partial.json, Ansi, 486-488:bgCyan, success, 2
jansi.src.main.org.fusesource.jansi.Ansi_python_partial.json, Ansi, 477-484:bgRgb1, success, 8
jansi.src.main.org.fusesource.jansi.Ansi_python_partial.json, Ansi, 473-475:bgRgb0, failure, 3
jansi.src.main.org.fusesource.jansi.Ansi_python_partial.json, Ansi, 466-471:bg1, success, 5
jansi.src.main.org.fusesource.jansi.Ansi_python_partial.json, Ansi, 461-464:bg0, failure, 3
jansi.src.main.org.fusesource.jansi.Ansi_python_partial.json, Ansi, 457-459:fgYellow, success, 2
jansi.src.main.org.fusesource.jansi.Ansi_python_partial.json, Ansi, 453-455:fgRed, failure, 2
jansi.src.main.org.fusesource.jansi.Ansi_python_partial.json, Ansi, 449-451:fgMagenta, success, 2
jansi.src.main.org.fusesource.jansi.Ansi_python_partial.json, Ansi, 445-447:fgGreen, success, 2
jansi.src.main.org.fusesource.jansi.Ansi_python_partial.json, Ansi, 441-443:fgDefault, success, 3
jansi.src.main.org.fusesource.jansi.Ansi_python_partial.json, Ansi, 437-439:fgCyan, success, 2
jansi.src.main.org.fusesource.jansi.Ansi_python_partial.json, Ansi, 433-435:fgBlue, success, 2
jansi.src.main.org.fusesource.jansi.Ansi_python_partial.json, Ansi, 429-431:fgBlack, success, 2
jansi.src.main.org.fusesource.jansi.Ansi_python_partial.json, Ansi, 420-427:fgRgb1, success, 8
jansi.src.main.org.fusesource.jansi.Ansi_python_partial.json, Ansi, 416-418:fgRgb0, failure, 7
jansi.src.main.org.fusesource.jansi.Ansi_python_partial.json, Ansi, 409-414:fg1, success, 5
jansi.src.main.org.fusesource.jansi.Ansi_python_partial.json, Ansi, 404-407:fg0, failure, 3
jansi.src.main.org.fusesource.jansi.Ansi_python_partial.json, Ansi, 395-402:Ansi, failure, 6
jansi.src.main.org.fusesource.jansi.Ansi_python_partial.json, Ansi, 391-393:Ansi2, success, 3
jansi.src.main.org.fusesource.jansi.Ansi_python_partial.json, Ansi, 387-389:Ansi1, failure, 3
jansi.src.main.org.fusesource.jansi.Ansi_python_partial.json, Ansi, 383-385:Ansi0, failure, 3
jansi.src.main.org.fusesource.jansi.Ansi_python_partial.json, Ansi, 207-213:ansi2, success, 6
jansi.src.main.org.fusesource.jansi.Ansi_python_partial.json, Ansi, 199-205:ansi1, success, 7
jansi.src.main.org.fusesource.jansi.Ansi_python_partial.json, Ansi, 191-197:ansi0, failure, 6
jansi.src.main.org.fusesource.jansi.Ansi_python_partial.json, Ansi, 187-189:isEnabled, success, 3
jansi.src.main.org.fusesource.jansi.Ansi_python_partial.json, Ansi, 183-185:setEnabled, success, 3
jansi.src.main.org.fusesource.jansi.Ansi_python_partial.json, Ansi, 168-174:isDetected, success, 6
jansi.src.main.org.fusesource.jansi.Ansi_python_partial.json, Ansi, 163-166:setDetector, success, 5
jansi.src.main.org.fusesource.jansi.Ansi_python_partial.json, Ansi, 951-965:_appendEscapeSequence, failure, 14
jansi.src.main.org.fusesource.jansi.Ansi_python_partial.json, Ansi, 939-949:flushAttributes, failure, 12
jansi.src.main.org.fusesource.jansi.Ansi_python_partial.json, Ansi, 934-937:appendEscapeSequence2, failure, 4
jansi.src.main.org.fusesource.jansi.Ansi_python_partial.json, Ansi, 925-932:appendEscapeSequence1, failure, 8
jansi.src.main.org.fusesource.jansi.Ansi_python_partial.json, Ansi, 913-923:appendEscapeSequence0, failure, 7
jansi.src.main.org.fusesource.jansi.Ansi_python_partial.json, NoAnsi, 375-377:reset, success, 2
jansi.src.main.org.fusesource.jansi.Ansi_python_partial.json, NoAnsi, 370-372:restoreCursorPosition, success, 2
jansi.src.main.org.fusesource.jansi.Ansi_python_partial.json, NoAnsi, 365-367:restorCursorPosition, success, 2
jansi.src.main.org.fusesource.jansi.Ansi_python_partial.json, NoAnsi, 359-361:saveCursorPosition, success, 2
jansi.src.main.org.fusesource.jansi.Ansi_python_partial.json, NoAnsi, 354-356:scrollDown, success, 2
jansi.src.main.org.fusesource.jansi.Ansi_python_partial.json, NoAnsi, 349-351:scrollUp, success, 2
jansi.src.main.org.fusesource.jansi.Ansi_python_partial.json, NoAnsi, 304-306:cursorLeft, success, 2
jansi.src.main.org.fusesource.jansi.Ansi_python_partial.json, NoAnsi, 299-301:cursorDown, success, 2
jansi.src.main.org.fusesource.jansi.Ansi_python_partial.json, NoAnsi, 294-296:cursorRight, success, 2
jansi.src.main.org.fusesource.jansi.Ansi_python_partial.json, NoAnsi, 289-291:cursorUp, success, 2
jansi.src.main.org.fusesource.jansi.Ansi_python_partial.json, NoAnsi, 284-286:cursorToColumn, success, 2
jansi.src.main.org.fusesource.jansi.Ansi_python_partial.json, NoAnsi, 279-281:cursor, success, 2
jansi.src.main.org.fusesource.jansi.Ansi_python_partial.json, NoAnsi, 274-276:a0, success, 2
jansi.src.main.org.fusesource.jansi.Ansi_python_partial.json, NoAnsi, 269-271:bgRgb1, failure, 2
jansi.src.main.org.fusesource.jansi.Ansi_python_partial.json, NoAnsi, 259-261:fgRgb1, failure, 2
jansi.src.main.org.fusesource.jansi.Ansi_python_partial.json, NoAnsi, 249-251:bgBright, success, 2
jansi.src.main.org.fusesource.jansi.Ansi_python_partial.json, NoAnsi, 244-246:fgBright, success, 2
jansi.src.main.org.fusesource.jansi.Ansi_python_partial.json, NoAnsi, 343-346:eraseLine1, success, 2
jansi.src.main.org.fusesource.jansi.Ansi_python_partial.json, NoAnsi, 338-341:eraseLine0, success, 2
jansi.src.main.org.fusesource.jansi.Ansi_python_partial.json, NoAnsi, 333-336:eraseScreen1, success, 2
jansi.src.main.org.fusesource.jansi.Ansi_python_partial.json, NoAnsi, 328-331:eraseScreen0, success, 6
jansi.src.main.org.fusesource.jansi.Ansi_python_partial.json, NoAnsi, 323-326:cursorUpLine1, success, 2
jansi.src.main.org.fusesource.jansi.Ansi_python_partial.json, NoAnsi, 318-321:cursorUpLine0, success, 2
jansi.src.main.org.fusesource.jansi.Ansi_python_partial.json, NoAnsi, 313-316:cursorDownLine1, success, 2
jansi.src.main.org.fusesource.jansi.Ansi_python_partial.json, NoAnsi, 308-311:cursorDownLine0, success, 2
jansi.src.main.org.fusesource.jansi.Ansi_python_partial.json, NoAnsi, 263-266:bg1, failure, 2
jansi.src.main.org.fusesource.jansi.Ansi_python_partial.json, NoAnsi, 253-256:fg1, failure, 2
jansi.src.main.org.fusesource.jansi.Ansi_python_partial.json, NoAnsi, 238-241:bg0, success, 2
jansi.src.main.org.fusesource.jansi.Ansi_python_partial.json, NoAnsi, 233-236:fg0, success, 2
jansi.src.main.org.fusesource.jansi.Ansi_python_partial.json, NoAnsi, 217-219:NoAnsi, error, 3
jansi.src.main.org.fusesource.jansi.Ansi_python_partial.json, NoAnsi, 221-231:determineStringBuilder, failure, 11
jansi.src.main.org.fusesource.jansi.AnsiMain_python_partial.json, AnsiMain, 56-192:main, success, 1
jansi.src.main.org.fusesource.jansi.AnsiMain_python_partial.json, AnsiMain, 337-343:closeQuietly, success, 6
jansi.src.main.org.fusesource.jansi.AnsiMain_python_partial.json, AnsiMain, 324-335:writeFileContent, success, 8
jansi.src.main.org.fusesource.jansi.AnsiMain_python_partial.json, AnsiMain, 311-322:printJansiLogoDemo, success, 16
jansi.src.main.org.fusesource.jansi.AnsiMain_python_partial.json, AnsiMain, 297-309:getPomPropertiesVersion, success, 12
jansi.src.main.org.fusesource.jansi.AnsiMain_python_partial.json, AnsiMain, 234-295:testAnsi, success, 53
jansi.src.main.org.fusesource.jansi.AnsiMain_python_partial.json, AnsiMain, 199-232:diagnoseTty, success, 33
jansi.src.main.org.fusesource.jansi.AnsiMain_python_partial.json, AnsiMain, 194-197:getJansiVersion, success, 5
jansi.src.main.org.fusesource.jansi.AnsiRenderer_python_partial.json, Code, 252-254:isBackground, error, 2
jansi.src.main.org.fusesource.jansi.AnsiRenderer_python_partial.json, Code, 248-250:getAttribute, error, 2
jansi.src.main.org.fusesource.jansi.AnsiRenderer_python_partial.json, Code, 244-246:isAttribute, error, 2
jansi.src.main.org.fusesource.jansi.AnsiRenderer_python_partial.json, Code, 240-242:getColor, error, 2
jansi.src.main.org.fusesource.jansi.AnsiRenderer_python_partial.json, Code, 236-238:isColor, error, 2
jansi.src.main.org.fusesource.jansi.AnsiRenderer_python_partial.json, Code, 227-230:Code, error, 3
jansi.src.main.org.fusesource.jansi.AnsiRenderer_python_partial.json, AnsiRenderer, 160-162:test, failure, 3
jansi.src.main.org.fusesource.jansi.AnsiRenderer_python_partial.json, AnsiRenderer, 140-142:renderCodes1, success, 3
jansi.src.main.org.fusesource.jansi.AnsiRenderer_python_partial.json, AnsiRenderer, 131-133:renderCodes0, failure, 3
jansi.src.main.org.fusesource.jansi.AnsiRenderer_python_partial.json, AnsiRenderer, 122-124:render2, failure, 3
jansi.src.main.org.fusesource.jansi.AnsiRenderer_python_partial.json, AnsiRenderer, 79-120:render1, failure, 36
jansi.src.main.org.fusesource.jansi.AnsiRenderer_python_partial.json, AnsiRenderer, 59-66:render0, failure, 7
jansi.src.main.org.fusesource.jansi.AnsiRenderer_python_partial.json, AnsiRenderer, 257-257:AnsiRenderer, success, 2
jansi.src.main.org.fusesource.jansi.AnsiRenderer_python_partial.json, AnsiRenderer, 144-158:render3, failure, 12
